line_id,dex,stage,master_id,name_ja,yomi_ja,stype_ja,wiki_class,wiki_type_abbr,name_en,name_tw
80,1,0,80,長門,ながと,戦艦,Nagato #1,BB,Nagato,長門
80,1,1,275,長門改,ながと,戦艦,Nagato #1,BB,Nagato Kai,長門改
80,1,2,541,長門改二,ながと,戦艦,Nagato #1,BB,Nagato Kai Ni,長門改二
81,2,0,81,陸奥,むつ,戦艦,Nagato #2,BB,Mutsu,陸奧
81,2,1,276,陸奥改,むつ,戦艦,Nagato #2,BB,Mutsu Kai,陸奧改
81,2,2,573,陸奥改二,むつ,戦艦,Nagato #2,BB,Mutsu Kai Ni,陸奧改二
77,3,0,77,伊勢,いせ,戦艦,Ise #1,BB,Ise,伊勢
77,3,1,82,伊勢改,いせ,航空戦艦,Ise #1,BBV,Ise Kai,伊勢改
77,3,2,553,伊勢改二,いせ,航空戦艦,Ise #1,BBV,Ise Kai Ni,伊勢改二
87,4,0,87,日向,ひゅうが,戦艦,Ise #2,BB,Hyuuga,日向
87,4,1,88,日向改,ひゅうが,航空戦艦,Ise #2,BBV,Hyuuga Kai,日向改
87,4,2,554,日向改二,ひゅうが,航空戦艦,Ise #2,BBV,Hyuuga Kai Ni,日向改二
20,5,0,20,雪風,ゆきかぜ,駆逐艦,Kagerou #8,DD,Yukikaze,雪風
20,5,1,228,雪風改,ゆきかぜ,駆逐艦,Kagerou #8,DD,Yukikaze Kai,雪風改
20,5,2,651,丹陽,ゆきかぜ,駆逐艦,Kagerou #8,DD,Dan Yang,丹陽
20,5,3,656,雪風改二,ゆきかぜ,駆逐艦,Kagerou #8,DD,Yukikaze Kai Ni,雪風改二
83,6,0,83,赤城,あかぎ,正規空母,Akagi #1,CV,Akagi,赤城
83,6,1,277,赤城改,あかぎ,正規空母,Akagi #1,CV,Akagi Kai,赤城改
83,6,2,594,赤城改二,あかぎ,正規空母,Akagi #1,CV,Akagi Kai Ni,赤城改二
83,6,3,599,赤城改二戊,あかぎ,正規空母,Akagi #1,CV,Akagi Kai Ni E,赤城改二戊
84,7,0,84,加賀,かが,正規空母,Kaga #1,CV,Kaga,加賀
84,7,1,278,加賀改,かが,正規空母,Kaga #1,CV,Kaga Kai,加賀改
84,7,2,698,加賀改二,かが,正規空母,Kaga #1,CV,Kaga Kai Ni,加賀改二
84,7,3,610,加賀改二戊,かが,正規空母,Kaga #1,CV,Kaga Kai Ni E,加賀改二戊
84,7,4,646,加賀改二護,かが,正規空母,Kaga #1,CV,Kaga Kai Ni Go,加賀改二護
90,8,0,90,蒼龍,そうりゅう,正規空母,Souryuu #1,CV,Souryuu,蒼龍
90,8,1,279,蒼龍改,そうりゅう,正規空母,Souryuu #1,CV,Souryuu Kai,蒼龍改
90,8,2,197,蒼龍改二,そうりゅう,正規空母,Souryuu #1,CV,Souryuu Kai Ni,蒼龍改二
91,9,0,91,飛龍,ひりゅう,正規空母,Hiryuu #1,CV,Hiryuu,飛龍
91,9,1,280,飛龍改,ひりゅう,正規空母,Hiryuu #1,CV,Hiryuu Kai,飛龍改
91,9,2,196,飛龍改二,ひりゅう,正規空母,Hiryuu #1,CV,Hiryuu Kai Ni,飛龍改二
91,9,3,1031,飛龍改三,ひりゅう,正規空母,Hiryuu #1,CV,Hiryuu Kai San,飛龍改三
50,10,0,50,島風,しまかぜ,駆逐艦,Shimakaze #1,DD,Shimakaze,島風
50,10,1,229,島風改,しまかぜ,駆逐艦,Shimakaze #1,DD,Shimakaze Kai,島風改
9,11,0,9,吹雪,ふぶき,駆逐艦,Fubuki #1,DD,Fubuki,吹雪
9,11,1,201,吹雪改,ふぶき,駆逐艦,Fubuki #1,DD,Fubuki Kai,吹雪改
9,11,2,426,吹雪改二,ふぶき,駆逐艦,Fubuki #1,DD,Fubuki Kai Ni,吹雪改二
9,11,3,1035,吹雪改三,ふぶき,駆逐艦,Fubuki #1,DD,Fubuki Kai San,吹雪改三
9,11,4,1040,吹雪改三護(六式),ふぶき,駆逐艦,Fubuki #1,DD,Fubuki Kai San Go (Type 6),吹雪改三護(六式)
10,12,0,10,白雪,しらゆき,駆逐艦,Fubuki #2,DD,Shirayuki,白雪
10,12,1,202,白雪改,しらゆき,駆逐艦,Fubuki #2,DD,Shirayuki Kai,白雪改
10,12,2,986,白雪改二,しらゆき,駆逐艦,Fubuki #2,DD,Shirayuki Kai Ni,白雪改二
32,13,0,32,初雪,はつゆき,駆逐艦,Fubuki #3,DD,Hatsuyuki,初雪
32,13,1,203,初雪改,はつゆき,駆逐艦,Fubuki #3,DD,Hatsuyuki Kai,初雪改
32,13,2,987,初雪改二,はつゆき,駆逐艦,Fubuki #3,DD,Hatsuyuki Kai Ni,初雪改二
11,14,0,11,深雪,みゆき,駆逐艦,Fubuki #4,DD,Miyuki,深雪
11,14,1,204,深雪改,みゆき,駆逐艦,Fubuki #4,DD,Miyuki Kai,深雪改
11,14,2,959,深雪改二,みゆき,駆逐艦,Fubuki #4,DD,Miyuki Kai Ni,深雪改二
33,15,0,33,叢雲,むらくも,駆逐艦,Fubuki #5,DD,Murakumo,叢雲
33,15,1,205,叢雲改,むらくも,駆逐艦,Fubuki #5,DD,Murakumo Kai,叢雲改
33,15,2,420,叢雲改二,むらくも,駆逐艦,Fubuki #5,DD,Murakumo Kai Ni,叢雲改二
12,16,0,12,磯波,いそなみ,駆逐艦,Fubuki #9,DD,Isonami,磯波
12,16,1,206,磯波改,いそなみ,駆逐艦,Fubuki #9,DD,Isonami Kai,磯波改
12,16,2,666,磯波改二,いそなみ,駆逐艦,Fubuki #9,DD,Isonami Kai Ni,磯波改二
13,17,0,13,綾波,あやなみ,駆逐艦,Ayanami #1,DD,Ayanami,綾波
13,17,1,207,綾波改,あやなみ,駆逐艦,Ayanami #1,DD,Ayanami Kai,綾波改
13,17,2,195,綾波改二,あやなみ,駆逐艦,Ayanami #1,DD,Ayanami Kai Ni,綾波改二
14,18,0,14,敷波,しきなみ,駆逐艦,Ayanami #2,DD,Shikinami,敷波
14,18,1,208,敷波改,しきなみ,駆逐艦,Ayanami #2,DD,Shikinami Kai,敷波改
14,18,2,627,敷波改二,しきなみ,駆逐艦,Ayanami #2,DD,Shikinami Kai Ni,敷波改二
24,19,0,24,大井,おおい,軽巡洋艦,Kuma #4,CL,Ooi,大井
24,19,1,57,大井改,おおい,重雷装巡洋艦,Kuma #4,CLT,Ooi Kai,大井改
24,19,2,118,大井改二,おおい,重雷装巡洋艦,Kuma #4,CLT,Ooi Kai Ni,大井改二
25,20,0,25,北上,きたかみ,軽巡洋艦,Kuma #3,CL,Kitakami,北上
25,20,1,58,北上改,きたかみ,重雷装巡洋艦,Kuma #3,CLT,Kitakami Kai,北上改
25,20,2,119,北上改二,きたかみ,重雷装巡洋艦,Kuma #3,CLT,Kitakami Kai Ni,北上改二
78,21,0,78,金剛,こんごう,戦艦,Kongou #1,FBB,Kongou,金剛
78,21,1,209,金剛改,こんごう,戦艦,Kongou #1,FBB,Kongou Kai,金剛改
78,21,2,149,金剛改二,こんごう,戦艦,Kongou #1,FBB,Kongou Kai Ni,金剛改二
78,21,3,591,金剛改二丙,こんごう,戦艦,Kongou #1,FBB,Kongou Kai Ni C,金剛改二丙
86,22,0,86,比叡,ひえい,戦艦,Kongou #2,FBB,Hiei,比叡
86,22,1,210,比叡改,ひえい,戦艦,Kongou #2,FBB,Hiei Kai,比叡改
86,22,2,150,比叡改二,ひえい,戦艦,Kongou #2,FBB,Hiei Kai Ni,比叡改二
86,22,3,592,比叡改二丙,ひえい,戦艦,Kongou #2,FBB,Hiei Kai Ni C,比叡改二丙
79,23,0,79,榛名,はるな,戦艦,Kongou #3,FBB,Haruna,榛名
79,23,1,211,榛名改,はるな,戦艦,Kongou #3,FBB,Haruna Kai,榛名改
79,23,2,151,榛名改二,はるな,戦艦,Kongou #3,FBB,Haruna Kai Ni,榛名改二
79,23,3,593,榛名改二乙,はるな,戦艦,Kongou #3,FBB,Haruna Kai Ni B,榛名改二乙
79,23,4,954,榛名改二丙,はるな,戦艦,Kongou #3,FBB,Haruna Kai Ni C,榛名改二丙
85,24,0,85,霧島,きりしま,戦艦,Kongou #4,FBB,Kirishima,霧島
85,24,1,212,霧島改,きりしま,戦艦,Kongou #4,FBB,Kirishima Kai,霧島改
85,24,2,152,霧島改二,きりしま,戦艦,Kongou #4,FBB,Kirishima Kai Ni,霧島改二
85,24,3,694,霧島改二丙,きりしま,戦艦,Kongou #4,FBB,Kirishima Kai Ni C,霧島改二丙
89,25,0,89,鳳翔,ほうしょう,軽空母,Houshou #1,CVL,Houshou,鳳翔
89,25,1,285,鳳翔改,ほうしょう,軽空母,Houshou #1,CVL,Houshou Kai,鳳翔改
89,25,2,894,鳳翔改二,ほうしょう,軽空母,Houshou #1,CVL,Houshou Kai Ni,鳳翔改二
89,25,3,899,鳳翔改二戦,ほうしょう,軽空母,Houshou #1,CVL,Houshou Kai Ni Sen,鳳翔改二戰
26,26,0,26,扶桑,ふそう,戦艦,Fusou #1,BB,Fusou,扶桑
26,26,1,286,扶桑改,ふそう,航空戦艦,Fusou #1,BBV,Fusou Kai,扶桑改
26,26,2,411,扶桑改二,ふそう,航空戦艦,Fusou #1,BBV,Fusou Kai Ni,扶桑改二
27,27,0,27,山城,やましろ,戦艦,Fusou #2,BB,Yamashiro,山城
27,27,1,287,山城改,やましろ,航空戦艦,Fusou #2,BBV,Yamashiro Kai,山城改
27,27,2,412,山城改二,やましろ,航空戦艦,Fusou #2,BBV,Yamashiro Kai Ni,山城改二
51,28,0,51,天龍,てんりゅう,軽巡洋艦,Tenryuu #1,CL,Tenryuu,天龍
51,28,1,213,天龍改,てんりゅう,軽巡洋艦,Tenryuu #1,CL,Tenryuu Kai,天龍改
51,28,2,477,天龍改二,てんりゅう,軽巡洋艦,Tenryuu #1,CL,Tenryuu Kai Ni,天龍改二
52,29,0,52,龍田,たつた,軽巡洋艦,Tenryuu #2,CL,Tatsuta,龍田
52,29,1,214,龍田改,たつた,軽巡洋艦,Tenryuu #2,CL,Tatsuta Kai,龍田改
52,29,2,478,龍田改二,たつた,軽巡洋艦,Tenryuu #2,CL,Tatsuta Kai Ni,龍田改二
76,30,0,76,龍驤,りゅうじょう,軽空母,Ryuujou #1,CVL,Ryuujou,龍驤
76,30,1,281,龍驤改,りゅうじょう,軽空母,Ryuujou #1,CVL,Ryuujou Kai,龍驤改
76,30,2,157,龍驤改二,りゅうじょう,軽空母,Ryuujou #1,CVL,Ryuujou Kai Ni,龍驤改二
1,31,0,1,睦月,むつき,駆逐艦,Mutsuki #1,DD,Mutsuki,睦月
1,31,1,254,睦月改,むつき,駆逐艦,Mutsuki #1,DD,Mutsuki Kai,睦月改
1,31,2,434,睦月改二,むつき,駆逐艦,Mutsuki #1,DD,Mutsuki Kai Ni,睦月改二
2,32,0,2,如月,きさらぎ,駆逐艦,Mutsuki #2,DD,Kisaragi,如月
2,32,1,255,如月改,きさらぎ,駆逐艦,Mutsuki #2,DD,Kisaragi Kai,如月改
2,32,2,435,如月改二,きさらぎ,駆逐艦,Mutsuki #2,DD,Kisaragi Kai Ni,如月改二
28,33,0,28,皐月,さつき,駆逐艦,Mutsuki #5,DD,Satsuki,皐月
28,33,1,256,皐月改,さつき,駆逐艦,Mutsuki #5,DD,Satsuki Kai,皐月改
28,33,2,418,皐月改二,さつき,駆逐艦,Mutsuki #5,DD,Satsuki Kai Ni,皐月改二
29,34,0,29,文月,ふみづき,駆逐艦,Mutsuki #7,DD,Fumizuki,文月
29,34,1,257,文月改,ふみづき,駆逐艦,Mutsuki #7,DD,Fumizuki Kai,文月改
29,34,2,548,文月改二,ふみづき,駆逐艦,Mutsuki #7,DD,Fumizuki Kai Ni,文月改二
6,35,0,6,長月,ながつき,駆逐艦,Mutsuki #8,DD,Nagatsuki,長月
6,35,1,258,長月改,ながつき,駆逐艦,Mutsuki #8,DD,Nagatsuki Kai,長月改
30,36,0,30,菊月,きくづき,駆逐艦,Mutsuki #9,DD,Kikuzuki,菊月
30,36,1,259,菊月改,きくづき,駆逐艦,Mutsuki #9,DD,Kikuzuki Kai,菊月改
7,37,0,7,三日月,みかづき,駆逐艦,Mutsuki #10,DD,Mikazuki,三日月
7,37,1,260,三日月改,みかづき,駆逐艦,Mutsuki #10,DD,Mikazuki Kai,三日月改
31,38,0,31,望月,もちづき,駆逐艦,Mutsuki #11,DD,Mochizuki,望月
31,38,1,261,望月改,もちづき,駆逐艦,Mutsuki #11,DD,Mochizuki Kai,望月改
99,39,0,99,球磨,くま,軽巡洋艦,Kuma #1,CL,Kuma,球磨
99,39,1,215,球磨改,くま,軽巡洋艦,Kuma #1,CL,Kuma Kai,球磨改
99,39,2,652,球磨改二,くま,軽巡洋艦,Kuma #1,CL,Kuma Kai Ni,球磨改二
99,39,3,657,球磨改二丁,くま,軽巡洋艦,Kuma #1,CL,Kuma Kai Ni D,球磨改二丁
100,40,0,100,多摩,たま,軽巡洋艦,Kuma #2,CL,Tama,多摩
100,40,1,216,多摩改,たま,軽巡洋艦,Kuma #2,CL,Tama Kai,多摩改
100,40,2,547,多摩改二,たま,軽巡洋艦,Kuma #2,CL,Tama Kai Ni,多摩改二
101,41,0,101,木曾,きそ,軽巡洋艦,Kuma #5,CL,Kiso,木曾
101,41,1,217,木曾改,きそ,軽巡洋艦,Kuma #5,CL,Kiso Kai,木曾改
101,41,2,146,木曾改二,きそ,重雷装巡洋艦,Kuma #5,CLT,Kiso Kai Ni,木曾改二
21,42,0,21,長良,ながら,軽巡洋艦,Nagara #1,CL,Nagara,長良
21,42,1,218,長良改,ながら,軽巡洋艦,Nagara #1,CL,Nagara Kai,長良改
22,43,0,22,五十鈴,いすず,軽巡洋艦,Nagara #2,CL,Isuzu,五十鈴
22,43,1,219,五十鈴改,いすず,軽巡洋艦,Nagara #2,CL,Isuzu Kai,五十鈴改
22,43,2,141,五十鈴改二,いすず,軽巡洋艦,Nagara #2,CL,Isuzu Kai Ni,五十鈴改二
53,44,0,53,名取,なとり,軽巡洋艦,Nagara #3,CL,Natori,名取
53,44,1,221,名取改,なとり,軽巡洋艦,Nagara #3,CL,Natori Kai,名取改
23,45,0,23,由良,ゆら,軽巡洋艦,Nagara #4,CL,Yura,由良
23,45,1,220,由良改,ゆら,軽巡洋艦,Nagara #4,CL,Yura Kai,由良改
23,45,2,488,由良改二,ゆら,軽巡洋艦,Nagara #4,CL,Yura Kai Ni,由良改二
54,46,0,54,川内,せんだい,軽巡洋艦,Sendai #1,CL,Sendai,川內
54,46,1,222,川内改,せんだい,軽巡洋艦,Sendai #1,CL,Sendai Kai,川内改
54,46,2,158,川内改二,せんだい,軽巡洋艦,Sendai #1,CL,Sendai Kai Ni,川内改二
55,47,0,55,神通,じんつう,軽巡洋艦,Sendai #2,CL,Jintsuu,神通
55,47,1,223,神通改,じんつう,軽巡洋艦,Sendai #2,CL,Jintsuu Kai,神通改
55,47,2,159,神通改二,じんつう,軽巡洋艦,Sendai #2,CL,Jintsuu Kai Ni,神通改二
56,48,0,56,那珂,なか,軽巡洋艦,Sendai #3,CL,Naka,那珂
56,48,1,224,那珂改,なか,軽巡洋艦,Sendai #3,CL,Naka Kai,那珂改
56,48,2,160,那珂改二,なか,軽巡洋艦,Sendai #3,CL,Naka Kai Ni,那珂改二
102,49,0,102,千歳,ちとせ,水上機母艦,Chitose #1,AV,Chitose,千歲
102,49,1,104,千歳改,ちとせ,水上機母艦,Chitose #1,AV,Chitose Kai,千歲改
102,49,2,106,千歳甲,ちとせ,水上機母艦,Chitose #1,AV,Chitose A,千歲甲
102,49,3,108,千歳航,ちとせ,軽空母,Chitose #1,CVL,Chitose Kou,千歲航
102,49,4,291,千歳航改,ちとせ,軽空母,Chitose #1,CVL,Chitose Kou Kai,千歲航改
102,49,5,296,千歳航改二,ちとせ,軽空母,Chitose #1,CVL,Chitose Kou Kai Ni,千歲航改二
103,50,0,103,千代田,ちよだ,水上機母艦,Chitose #2,AV,Chiyoda,千代田
103,50,1,105,千代田改,ちよだ,水上機母艦,Chitose #2,AV,Chiyoda Kai,千代田改
103,50,2,107,千代田甲,ちよだ,水上機母艦,Chitose #2,AV,Chiyoda A,千代田甲
103,50,3,109,千代田航,ちよだ,軽空母,Chitose #2,CVL,Chiyoda Kou,千代田航
103,50,4,292,千代田航改,ちよだ,軽空母,Chitose #2,CVL,Chiyoda Kou Kai,千代田航改
103,50,5,297,千代田航改二,ちよだ,軽空母,Chitose #2,CVL,Chiyoda Kou Kai Ni,千代田航改二
70,51,0,70,最上,もがみ,重巡洋艦,Mogami #1,CA,Mogami,最上
70,51,1,73,最上改,もがみ,航空巡洋艦,Mogami #1,CAV,Mogami Kai,最上改
70,51,2,501,最上改二,もがみ,航空巡洋艦,Mogami #1,CAV,Mogami Kai Ni,最上改二
70,51,3,506,最上改二特,もがみ,航空巡洋艦,Mogami #1,CAV,Mogami Kai Ni Toku,最上改二特
59,52,0,59,古鷹,ふるたか,重巡洋艦,Furutaka #1,CA,Furutaka,古鷹
59,52,1,262,古鷹改,ふるたか,重巡洋艦,Furutaka #1,CA,Furutaka Kai,古鷹改
59,52,2,416,古鷹改二,ふるたか,重巡洋艦,Furutaka #1,CA,Furutaka Kai Ni,古鷹改二
60,53,0,60,加古,かこ,重巡洋艦,Furutaka #2,CA,Kako,加古
60,53,1,263,加古改,かこ,重巡洋艦,Furutaka #2,CA,Kako Kai,加古改
60,53,2,417,加古改二,かこ,重巡洋艦,Furutaka #2,CA,Kako Kai Ni,加古改二
61,54,0,61,青葉,あおば,重巡洋艦,Aoba #1,CA,Aoba,青葉
61,54,1,264,青葉改,あおば,重巡洋艦,Aoba #1,CA,Aoba Kai,青葉改
62,55,0,62,妙高,みょうこう,重巡洋艦,Myoukou #1,CA,Myoukou,妙高
62,55,1,265,妙高改,みょうこう,重巡洋艦,Myoukou #1,CA,Myoukou Kai,妙高改
62,55,2,319,妙高改二,みょうこう,重巡洋艦,Myoukou #1,CA,Myoukou Kai Ni,妙高改二
63,56,0,63,那智,なち,重巡洋艦,Myoukou #2,CA,Nachi,那智
63,56,1,266,那智改,なち,重巡洋艦,Myoukou #2,CA,Nachi Kai,那智改
63,56,2,192,那智改二,なち,重巡洋艦,Myoukou #2,CA,Nachi Kai Ni,那智改二
64,57,0,64,足柄,あしがら,重巡洋艦,Myoukou #3,CA,Ashigara,足柄
64,57,1,267,足柄改,あしがら,重巡洋艦,Myoukou #3,CA,Ashigara Kai,足柄改
64,57,2,193,足柄改二,あしがら,重巡洋艦,Myoukou #3,CA,Ashigara Kai Ni,足柄改二
65,58,0,65,羽黒,はぐろ,重巡洋艦,Myoukou #4,CA,Haguro,羽黑
65,58,1,268,羽黒改,はぐろ,重巡洋艦,Myoukou #4,CA,Haguro Kai,羽黑改
65,58,2,194,羽黒改二,はぐろ,重巡洋艦,Myoukou #4,CA,Haguro Kai Ni,羽黑改二
66,59,0,66,高雄,たかお,重巡洋艦,Takao #1,CA,Takao,高雄
66,59,1,269,高雄改,たかお,重巡洋艦,Takao #1,CA,Takao Kai,高雄改
67,60,0,67,愛宕,あたご,重巡洋艦,Takao #2,CA,Atago,愛宕
67,60,1,270,愛宕改,あたご,重巡洋艦,Takao #2,CA,Atago Kai,愛宕改
68,61,0,68,摩耶,まや,重巡洋艦,Takao #3,CA,Maya,摩耶
68,61,1,271,摩耶改,まや,重巡洋艦,Takao #3,CA,Maya Kai,摩耶改
68,61,2,428,摩耶改二,まや,重巡洋艦,Takao #3,CA,Maya Kai Ni,摩耶改二
69,62,0,69,鳥海,ちょうかい,重巡洋艦,Takao #4,CA,Choukai,鳥海
69,62,1,272,鳥海改,ちょうかい,重巡洋艦,Takao #4,CA,Choukai Kai,鳥海改
69,62,2,427,鳥海改二,ちょうかい,重巡洋艦,Takao #4,CA,Choukai Kai Ni,鳥海改二
71,63,0,71,利根,とね,重巡洋艦,Tone #1,CA,Tone,利根
71,63,1,273,利根改,とね,重巡洋艦,Tone #1,CA,Tone Kai,利根改
71,63,2,188,利根改二,とね,航空巡洋艦,Tone #1,CAV,Tone Kai Ni,利根改二
72,64,0,72,筑摩,ちくま,重巡洋艦,Tone #2,CA,Chikuma,筑摩
72,64,1,274,筑摩改,ちくま,重巡洋艦,Tone #2,CA,Chikuma Kai,筑摩改
72,64,2,189,筑摩改二,ちくま,航空巡洋艦,Tone #2,CAV,Chikuma Kai Ni,筑摩改二
75,65,0,75,飛鷹,ひよう,軽空母,Hiyou #1,CVL,Hiyou,飛鷹
75,65,1,283,飛鷹改,ひよう,軽空母,Hiyou #1,CVL,Hiyou Kai,飛鷹改
92,66,0,92,隼鷹,じゅんよう,軽空母,Hiyou #2,CVL,Junyou,隼鷹
92,66,1,284,隼鷹改,じゅんよう,軽空母,Hiyou #2,CVL,Junyou Kai,隼鷹改
92,66,2,408,隼鷹改二,じゅんよう,軽空母,Hiyou #2,CVL,Junyou Kai Ni,隼鷹改二
93,67,0,93,朧,おぼろ,駆逐艦,Ayanami #7,DD,Oboro,朧
93,67,1,230,朧改,おぼろ,駆逐艦,Ayanami #7,DD,Oboro Kai,朧改
15,68,0,15,曙,あけぼの,駆逐艦,Ayanami #8,DD,Akebono,曙
15,68,1,231,曙改,あけぼの,駆逐艦,Ayanami #8,DD,Akebono Kai,曙改
15,68,2,665,曙改二,あけぼの,駆逐艦,Ayanami #8,DD,Akebono Kai Ni,曙改二
94,69,0,94,漣,さざなみ,駆逐艦,Ayanami #9,DD,Sazanami,漣
94,69,1,232,漣改,さざなみ,駆逐艦,Ayanami #9,DD,Sazanami Kai,漣改
16,70,0,16,潮,うしお,駆逐艦,Ayanami #10,DD,Ushio,潮
16,70,1,233,潮改,うしお,駆逐艦,Ayanami #10,DD,Ushio Kai,潮改
16,70,2,407,潮改二,うしお,駆逐艦,Ayanami #10,DD,Ushio Kai Ni,潮改二
34,71,0,34,暁,あかつき,駆逐艦,Akatsuki #1,DD,Akatsuki,曉
34,71,1,234,暁改,あかつき,駆逐艦,Akatsuki #1,DD,Akatsuki Kai,曉改
34,71,2,437,暁改二,あかつき,駆逐艦,Akatsuki #1,DD,Akatsuki Kai Ni,曉改二
35,72,0,35,響,ひびき,駆逐艦,Akatsuki #2,DD,Hibiki,響
35,72,1,235,響改,ひびき,駆逐艦,Akatsuki #2,DD,Hibiki Kai,響改
35,72,2,147,Верный,ひびき,駆逐艦,Akatsuki #2,DD,Verniy,信賴
36,73,0,36,雷,いかづち,駆逐艦,Akatsuki #3,DD,Ikazuchi,雷
36,73,1,236,雷改,いかづち,駆逐艦,Akatsuki #3,DD,Ikazuchi Kai,雷改
37,74,0,37,電,いなづま,駆逐艦,Akatsuki #4,DD,Inazuma,電
37,74,1,237,電改,いなづま,駆逐艦,Akatsuki #4,DD,Inazuma Kai,電改
38,75,0,38,初春,はつはる,駆逐艦,Hatsuharu #1,DD,Hatsuharu,初春
38,75,1,238,初春改,はつはる,駆逐艦,Hatsuharu #1,DD,Hatsuharu Kai,初春改
38,75,2,326,初春改二,はつはる,駆逐艦,Hatsuharu #1,DD,Hatsuharu Kai Ni,初春改二
39,76,0,39,子日,ねのひ,駆逐艦,Hatsuharu #2,DD,Nenohi,子日
39,76,1,239,子日改,ねのひ,駆逐艦,Hatsuharu #2,DD,Nenohi Kai,子日改
40,77,0,40,若葉,わかば,駆逐艦,Hatsuharu #3,DD,Wakaba,若葉
40,77,1,240,若葉改,わかば,駆逐艦,Hatsuharu #3,DD,Wakaba Kai,若葉改
41,78,0,41,初霜,はつしも,駆逐艦,Hatsuharu #4,DD,Hatsushimo,初霜
41,78,1,241,初霜改,はつしも,駆逐艦,Hatsuharu #4,DD,Hatsushimo Kai,初霜改
41,78,2,419,初霜改二,はつしも,駆逐艦,Hatsuharu #4,DD,Hatsushimo Kai Ni,初霜改二
42,79,0,42,白露,しらつゆ,駆逐艦,Shiratsuyu #1,DD,Shiratsuyu,白露
42,79,1,242,白露改,しらつゆ,駆逐艦,Shiratsuyu #1,DD,Shiratsuyu Kai,白露改
42,79,2,497,白露改二,しらつゆ,駆逐艦,Shiratsuyu #1,DD,Shiratsuyu Kai Ni,白露改二
43,80,0,43,時雨,しぐれ,駆逐艦,Shiratsuyu #2,DD,Shigure,時雨
43,80,1,243,時雨改,しぐれ,駆逐艦,Shiratsuyu #2,DD,Shigure Kai,時雨改
43,80,2,145,時雨改二,しぐれ,駆逐艦,Shiratsuyu #2,DD,Shigure Kai Ni,時雨改二
43,80,3,961,時雨改三,しぐれ,駆逐艦,Shiratsuyu #2,DD,Shigure Kai San,時雨改三
44,81,0,44,村雨,むらさめ,駆逐艦,Shiratsuyu #3,DD,Murasame,村雨
44,81,1,244,村雨改,むらさめ,駆逐艦,Shiratsuyu #3,DD,Murasame Kai,村雨改
44,81,2,498,村雨改二,むらさめ,駆逐艦,Shiratsuyu #3,DD,Murasame Kai Ni,村雨改二
45,82,0,45,夕立,ゆうだち,駆逐艦,Shiratsuyu #4,DD,Yuudachi,夕立
45,82,1,245,夕立改,ゆうだち,駆逐艦,Shiratsuyu #4,DD,Yuudachi Kai,夕立改
45,82,2,144,夕立改二,ゆうだち,駆逐艦,Shiratsuyu #4,DD,Yuudachi Kai Ni,夕立改二
46,83,0,46,五月雨,さみだれ,駆逐艦,Shiratsuyu #6,DD,Samidare,五月雨
46,83,1,246,五月雨改,さみだれ,駆逐艦,Shiratsuyu #6,DD,Samidare Kai,五月雨改
47,84,0,47,涼風,すずかぜ,駆逐艦,Shiratsuyu #10,DD,Suzukaze,涼風
47,84,1,247,涼風改,すずかぜ,駆逐艦,Shiratsuyu #10,DD,Suzukaze Kai,涼風改
95,85,0,95,朝潮,あさしお,駆逐艦,Asashio #1,DD,Asashio,朝潮
95,85,1,248,朝潮改,あさしお,駆逐艦,Asashio #1,DD,Asashio Kai,朝潮改
95,85,2,463,朝潮改二,あさしお,駆逐艦,Asashio #1,DD,Asashio Kai Ni,朝潮改二
95,85,3,468,朝潮改二丁,あさしお,駆逐艦,Asashio #1,DD,Asashio Kai Ni D,朝潮改二丁
96,86,0,96,大潮,おおしお,駆逐艦,Asashio #2,DD,Ooshio,大潮
96,86,1,249,大潮改,おおしお,駆逐艦,Asashio #2,DD,Ooshio Kai,大潮改
96,86,2,199,大潮改二,おおしお,駆逐艦,Asashio #2,DD,Ooshio Kai Ni,大潮改二
97,87,0,97,満潮,みちしお,駆逐艦,Asashio #3,DD,Michishio,滿潮
97,87,1,250,満潮改,みちしお,駆逐艦,Asashio #3,DD,Michishio Kai,滿潮改
97,87,2,489,満潮改二,みちしお,駆逐艦,Asashio #3,DD,Michishio Kai Ni,滿潮改二
98,88,0,98,荒潮,あらしお,駆逐艦,Asashio #4,DD,Arashio,荒潮
98,88,1,251,荒潮改,あらしお,駆逐艦,Asashio #4,DD,Arashio Kai,荒潮改
98,88,2,490,荒潮改二,あらしお,駆逐艦,Asashio #4,DD,Arashio Kai Ni,荒潮改二
48,89,0,48,霰,あられ,駆逐艦,Asashio #9,DD,Arare,霰
48,89,1,252,霰改,あられ,駆逐艦,Asashio #9,DD,Arare Kai,霰改
48,89,2,198,霰改二,あられ,駆逐艦,Asashio #9,DD,Arare Kai Ni,霰改二
49,90,0,49,霞,かすみ,駆逐艦,Asashio #10,DD,Kasumi,霞
49,90,1,253,霞改,かすみ,駆逐艦,Asashio #10,DD,Kasumi Kai,霞改
49,90,2,464,霞改二,かすみ,駆逐艦,Asashio #10,DD,Kasumi Kai Ni,霞改二
49,90,3,470,霞改二乙,かすみ,駆逐艦,Asashio #10,DD,Kasumi Kai Ni B,霞改二乙
17,91,0,17,陽炎,かげろう,駆逐艦,Kagerou #1,DD,Kagerou,陽炎
17,91,1,225,陽炎改,かげろう,駆逐艦,Kagerou #1,DD,Kagerou Kai,陽炎改
17,91,2,566,陽炎改二,かげろう,駆逐艦,Kagerou #1,DD,Kagerou Kai Ni,陽炎改二
18,92,0,18,不知火,しらぬい,駆逐艦,Kagerou #2,DD,Shiranui,不知火
18,92,1,226,不知火改,しらぬい,駆逐艦,Kagerou #2,DD,Shiranui Kai,不知火改
18,92,2,567,不知火改二,しらぬい,駆逐艦,Kagerou #2,DD,Shiranui Kai Ni,不知火改二
19,93,0,19,黒潮,くろしお,駆逐艦,Kagerou #3,DD,Kuroshio,黑潮
19,93,1,227,黒潮改,くろしお,駆逐艦,Kagerou #3,DD,Kuroshio Kai,黑潮改
19,93,2,568,黒潮改二,くろしお,駆逐艦,Kagerou #3,DD,Kuroshio Kai Ni,黑潮改二
74,94,0,74,祥鳳,しょうほう,軽空母,Shouhou #1,CVL,Shouhou,祥鳳
74,94,1,282,祥鳳改,しょうほう,軽空母,Shouhou #1,CVL,Shouhou Kai,祥鳳改
110,106,0,110,翔鶴,しょうかく,正規空母,Shoukaku #1,CV,Shoukaku,翔鶴
110,106,1,288,翔鶴改,しょうかく,正規空母,Shoukaku #1,CV,Shoukaku Kai,翔鶴改
110,106,2,461,翔鶴改二,しょうかく,正規空母,Shoukaku #1,CV,Shoukaku Kai Ni,翔鶴改二
110,106,3,466,翔鶴改二甲,しょうかく,装甲空母,Shoukaku #1,CVB,Shoukaku Kai Ni A,翔鶴改二甲
111,107,0,111,瑞鶴,ずいかく,正規空母,Shoukaku #2,CV,Zuikaku,瑞鶴
111,107,1,112,瑞鶴改,ずいかく,正規空母,Shoukaku #2,CV,Zuikaku Kai,瑞鶴改
111,107,2,462,瑞鶴改二,ずいかく,正規空母,Shoukaku #2,CV,Zuikaku Kai Ni,瑞鶴改二
111,107,3,467,瑞鶴改二甲,ずいかく,装甲空母,Shoukaku #2,CVB,Zuikaku Kai Ni A,瑞鶴改二甲
113,109,0,113,鬼怒,きぬ,軽巡洋艦,Nagara #5,CL,Kinu,鬼怒
113,109,1,289,鬼怒改,きぬ,軽巡洋艦,Nagara #5,CL,Kinu Kai,鬼怒改
113,109,2,487,鬼怒改二,きぬ,軽巡洋艦,Nagara #5,CL,Kinu Kai Ni,鬼怒改二
114,110,0,114,阿武隈,あぶくま,軽巡洋艦,Nagara #6,CL,Abukuma,阿武隈
114,110,1,290,阿武隈改,あぶくま,軽巡洋艦,Nagara #6,CL,Abukuma Kai,阿武隈改
114,110,2,200,阿武隈改二,あぶくま,軽巡洋艦,Nagara #6,CL,Abukuma Kai Ni,阿武隈改二
115,111,0,115,夕張,ゆうばり,軽巡洋艦,Yuubari #1,CL,Yuubari,夕張
115,111,1,293,夕張改,ゆうばり,軽巡洋艦,Yuubari #1,CL,Yuubari Kai,夕張改
115,111,2,622,夕張改二,ゆうばり,軽巡洋艦,Yuubari #1,CL,Yuubari Kai Ni,夕張改二
115,111,3,623,夕張改二特,ゆうばり,軽巡洋艦,Yuubari #1,CL,Yuubari Kai Ni Toku,夕張改二特
115,111,4,624,夕張改二丁,ゆうばり,軽巡洋艦,Yuubari #1,CL,Yuubari Kai Ni D,夕張改二丁
116,112,0,116,瑞鳳,ずいほう,軽空母,Shouhou #2,CVL,Zuihou,瑞鳳
116,112,1,117,瑞鳳改,ずいほう,軽空母,Shouhou #2,CVL,Zuihou Kai,瑞鳳改
116,112,2,555,瑞鳳改二,ずいほう,軽空母,Shouhou #2,CVL,Zuihou Kai Ni,瑞鳳改二
116,112,3,560,瑞鳳改二乙,ずいほう,軽空母,Shouhou #2,CVL,Zuihou Kai Ni B,瑞鳳改二乙
120,116,0,120,三隈,みくま,重巡洋艦,Mogami #2,CA,Mikuma,三隈
120,116,1,121,三隈改,みくま,航空巡洋艦,Mogami #2,CAV,Mikuma Kai,三隈改
120,116,2,502,三隈改二,みくま,航空巡洋艦,Mogami #2,CAV,Mikuma Kai Ni,三隈改二
120,116,3,507,三隈改二特,みくま,水上機母艦,Mogami #2,AV,Mikuma Kai Ni Toku,三隈改二特
190,118,0,190,初風,はつかぜ,駆逐艦,Kagerou #7,DD,Hatsukaze,初風
190,118,1,300,初風改,はつかぜ,駆逐艦,Kagerou #7,DD,Hatsukaze Kai,初風改
122,119,0,122,舞風,まいかぜ,駆逐艦,Kagerou #18,DD,Maikaze,舞風
122,119,1,294,舞風改,まいかぜ,駆逐艦,Kagerou #18,DD,Maikaze Kai,舞風改
123,120,0,123,衣笠,きぬがさ,重巡洋艦,Aoba #2,CA,Kinugasa,衣笠
123,120,1,295,衣笠改,きぬがさ,重巡洋艦,Aoba #2,CA,Kinugasa Kai,衣笠改
123,120,2,142,衣笠改二,きぬがさ,重巡洋艦,Aoba #2,CA,Kinugasa Kai Ni,衣笠改二
191,123,0,191,伊19,い19,潜水艦,Junsen Type B #3,SS,I-19,伊19
191,123,1,401,伊19改,い19,潜水空母,Junsen Type B #3,SSV,I-19 Kai,伊19改
124,124,0,124,鈴谷,すずや,重巡洋艦,Mogami #3,CA,Suzuya,鈴谷
124,124,1,129,鈴谷改,すずや,航空巡洋艦,Mogami #3,CAV,Suzuya Kai,鈴谷改
124,124,2,503,鈴谷改二,すずや,航空巡洋艦,Mogami #3,CAV,Suzuya Kai Ni,鈴谷改二
124,124,3,508,鈴谷航改二,すずや,軽空母,Mogami #3,CVL,Suzuya Kou Kai Ni,鈴谷航改二
125,125,0,125,熊野,くまの,重巡洋艦,Mogami #4,CA,Kumano,熊野
125,125,1,130,熊野改,くまの,航空巡洋艦,Mogami #4,CAV,Kumano Kai,熊野改
125,125,2,504,熊野改二,くまの,航空巡洋艦,Mogami #4,CAV,Kumano Kai Ni,熊野改二
125,125,3,509,熊野航改二,くまの,軽空母,Mogami #4,CVL,Kumano Kou Kai Ni,熊野航改二
126,126,0,126,伊168,い168,潜水艦,Kaidai Type VI #1,SS,I-168,伊168
126,126,1,398,伊168改,い168,潜水艦,Kaidai Type VI #1,SS,I-168 Kai,伊168改
127,127,0,127,伊58,い58,潜水艦,Junsen Type B Kai Ni #3,SS,I-58,伊58
127,127,1,399,伊58改,い58,潜水空母,Junsen Type B Kai Ni #3,SSV,I-58 Kai,伊58改
128,128,0,128,伊8,い8,潜水艦,Junsen Type 3 #2,SS,I-8,伊8
128,128,1,400,伊8改,い8,潜水空母,Junsen Type 3 #2,SSV,I-8 Kai,伊8改
131,131,0,131,大和,やまと,戦艦,Yamato #1,BB,Yamato,大和
131,131,1,136,大和改,やまと,戦艦,Yamato #1,BB,Yamato Kai,大和改
131,131,2,911,大和改二,やまと,戦艦,Yamato #1,FBB,Yamato Kai Ni,大和改二
131,131,3,916,大和改二重,やまと,航空戦艦,Yamato #1,BBV,Yamato Kai Ni Juu,大和改二重
132,132,0,132,秋雲,あきぐも,駆逐艦,Kagerou #19,DD,Akigumo,秋雲
132,132,1,301,秋雲改,あきぐも,駆逐艦,Kagerou #19,DD,Akigumo Kai,秋雲改
132,132,2,648,秋雲改二,あきぐも,駆逐艦,Kagerou #19,DD,Akigumo Kai Ni,秋雲改二
133,133,0,133,夕雲,ゆうぐも,駆逐艦,Yuugumo #1,DD,Yuugumo,夕雲
133,133,1,302,夕雲改,ゆうぐも,駆逐艦,Yuugumo #1,DD,Yuugumo Kai,夕雲改
133,133,2,542,夕雲改二,ゆうぐも,駆逐艦,Yuugumo #1,DD,Yuugumo Kai Ni,夕雲改二
134,134,0,134,巻雲,まきぐも,駆逐艦,Yuugumo #2,DD,Makigumo,卷雲
134,134,1,303,巻雲改,まきぐも,駆逐艦,Yuugumo #2,DD,Makigumo Kai,卷雲改
134,134,2,563,巻雲改二,まきぐも,駆逐艦,Yuugumo #2,DD,Makigumo Kai Ni,卷雲改二
135,135,0,135,長波,ながなみ,駆逐艦,Yuugumo #4,DD,Naganami,長波
135,135,1,304,長波改,ながなみ,駆逐艦,Yuugumo #4,DD,Naganami Kai,長波改
135,135,2,543,長波改二,ながなみ,駆逐艦,Yuugumo #4,DD,Naganami Kai Ni,長波改二
135,135,3,743,長波改二補,ながなみ,駆逐艦,Yuugumo #4,DD,Naganami Kai Ni Ho,長波改二補
137,137,0,137,阿賀野,あがの,軽巡洋艦,Agano #1,CL,Agano,阿賀野
137,137,1,305,阿賀野改,あがの,軽巡洋艦,Agano #1,CL,Agano Kai,阿賀野改
138,138,0,138,能代,のしろ,軽巡洋艦,Agano #2,CL,Noshiro,能代
138,138,1,306,能代改,のしろ,軽巡洋艦,Agano #2,CL,Noshiro Kai,能代改
138,138,2,662,能代改二,のしろ,軽巡洋艦,Agano #2,CL,Noshiro Kai Ni,能代改二
139,139,0,139,矢矧,やはぎ,軽巡洋艦,Agano #3,CL,Yahagi,矢矧
139,139,1,307,矢矧改,やはぎ,軽巡洋艦,Agano #3,CL,Yahagi Kai,矢矧改
139,139,2,663,矢矧改二,やはぎ,軽巡洋艦,Agano #3,CL,Yahagi Kai Ni,矢矧改二
139,139,3,668,矢矧改二乙,やはぎ,軽巡洋艦,Agano #3,CL,Yahagi Kai Ni B,矢矧改二乙
140,140,0,140,酒匂,さかわ,軽巡洋艦,Agano #4,CL,Sakawa,酒匂
140,140,1,314,酒匂改,さかわ,軽巡洋艦,Agano #4,CL,Sakawa Kai,酒匂改
143,143,0,143,武蔵,むさし,戦艦,Yamato #2,BB,Musashi,武藏
143,143,1,148,武蔵改,むさし,戦艦,Yamato #2,BB,Musashi Kai,武藏改
143,143,2,546,武蔵改二,むさし,戦艦,Yamato #2,BB,Musashi Kai Ni,武藏改二
153,153,0,153,大鳳,たいほう,装甲空母,Taihou #1,CVB,Taihou,大鳳
153,153,1,156,大鳳改,たいほう,装甲空母,Taihou #1,CVB,Taihou Kai,大鳳改
154,154,0,154,香取,かとり,練習巡洋艦,Katori #1,CT,Katori,香取
154,154,1,343,香取改,かとり,練習巡洋艦,Katori #1,CT,Katori Kai,香取改
155,155,0,155,伊401,い401,潜水空母,Sentoku Type (I-400 Class Submarine) #2,SSV,I-401,伊401
155,155,1,403,伊401改,い401,潜水空母,Sentoku Type (I-400 Class Submarine) #2,SSV,I-401 Kai,伊401改
161,161,0,161,あきつ丸,あきつまる,揚陸艦,Special Purpose Ship Type C #1,LHA,Akitsu Maru,秋津丸
161,161,1,166,あきつ丸改,あきつまる,揚陸艦,Special Purpose Ship Type C #1,LHA,Akitsu Maru Kai,秋津丸改
162,162,0,162,神威,かもい,補給艦,Kamoi #1,AO,Kamoi,神威
162,162,1,499,神威改,かもい,水上機母艦,Kamoi #1,AV,Kamoi Kai,神威改
162,162,2,500,神威改母,かもい,補給艦,Kamoi #1,AO,Kamoi Kai Bo,神威改母
163,163,0,163,まるゆ,まるゆ,潜水艦,Type 3 Submergence Transport Vehicle #1,SS,Maruyu,丸優
163,163,1,402,まるゆ改,まるゆ,潜水艦,Type 3 Submergence Transport Vehicle #1,SS,Maruyu Kai,丸優改
164,164,0,164,弥生,やよい,駆逐艦,Mutsuki #3,DD,Yayoi,彌生
164,164,1,308,弥生改,やよい,駆逐艦,Mutsuki #3,DD,Yayoi Kai,彌生改
165,165,0,165,卯月,うづき,駆逐艦,Mutsuki #4,DD,Uzuki,卯月
165,165,1,309,卯月改,うづき,駆逐艦,Mutsuki #4,DD,Uzuki Kai,卯月改
167,167,0,167,磯風,いそかぜ,駆逐艦,Kagerou #12,DD,Isokaze,磯風
167,167,1,320,磯風改,いそかぜ,駆逐艦,Kagerou #12,DD,Isokaze Kai,磯風改
167,167,2,557,磯風乙改,いそかぜ,駆逐艦,Kagerou #12,DD,Isokaze B Kai,磯風乙改
168,168,0,168,浦風,うらかぜ,駆逐艦,Kagerou #11,DD,Urakaze,浦風
168,168,1,317,浦風改,うらかぜ,駆逐艦,Kagerou #11,DD,Urakaze Kai,浦風改
168,168,2,556,浦風丁改,うらかぜ,駆逐艦,Kagerou #11,DD,Urakaze D Kai,浦風丁改
169,169,0,169,谷風,たにかぜ,駆逐艦,Kagerou #14,DD,Tanikaze,谷風
169,169,1,313,谷風改,たにかぜ,駆逐艦,Kagerou #14,DD,Tanikaze Kai,谷風改
169,169,2,559,谷風丁改,たにかぜ,駆逐艦,Kagerou #14,DD,Tanikaze D Kai,谷風丁改
170,170,0,170,浜風,はまかぜ,駆逐艦,Kagerou #13,DD,Hamakaze,濱風
170,170,1,312,浜風改,はまかぜ,駆逐艦,Kagerou #13,DD,Hamakaze Kai,濱風改
170,170,2,558,浜風乙改,はまかぜ,駆逐艦,Kagerou #13,DD,Hamakaze B Kai,濱風乙改
171,171,0,171,Bismarck,ビスマルク,戦艦,Bismarck #1,FBB,Bismarck,俾斯麥
171,171,1,172,Bismarck改,ビスマルク,戦艦,Bismarck #1,FBB,Bismarck Kai,俾斯麥改
171,171,2,173,Bismarck zwei,ビスマルク,戦艦,Bismarck #1,FBB,Bismarck Zwei,俾斯麥改二
171,171,3,178,Bismarck drei,ビスマルク,戦艦,Bismarck #1,FBB,Bismarck Drei,俾斯麥改三
174,174,0,174,Z1,レーベレヒト・マース,駆逐艦,Z1 #1,DD,Z1,Z1
174,174,1,310,Z1改,レーベレヒト・マース,駆逐艦,Z1 #1,DD,Z1 Kai,Z1改
174,174,2,179,Z1 zwei,レーベレヒト・マース,駆逐艦,Z1 #1,DD,Z1 Zwei,Z1改二
175,175,0,175,Z3,マックス・シュルツ,駆逐艦,Z1 #3,DD,Z3,Z3
175,175,1,311,Z3改,マックス・シュルツ,駆逐艦,Z1 #3,DD,Z3 Kai,Z3改
175,175,2,180,Z3 zwei,マックス・シュルツ,駆逐艦,Z1 #3,DD,Z3 Zwei,Z3改二
176,176,0,176,Prinz Eugen,プリンツ・オイゲン,重巡洋艦,Admiral Hipper #3,CA,Prinz Eugen,歐根親王
176,176,1,177,Prinz Eugen改,プリンツ・オイゲン,重巡洋艦,Admiral Hipper #3,CA,Prinz Eugen Kai,歐根親王改
181,181,0,181,天津風,あまつかぜ,駆逐艦,Kagerou #9,DD,Amatsukaze,天津風
181,181,1,316,天津風改,あまつかぜ,駆逐艦,Kagerou #9,DD,Amatsukaze Kai,天津風改
181,181,2,951,天津風改二,あまつかぜ,駆逐艦,Kagerou #9,DD,Amatsukaze Kai Ni,天津風改二
182,182,0,182,明石,あかし,工作艦,Akashi #1,AR,Akashi,明石
182,182,1,187,明石改,あかし,工作艦,Akashi #1,AR,Akashi Kai,明石改
183,183,0,183,大淀,おおよど,軽巡洋艦,Ooyodo #1,CL,Ooyodo,大淀
183,183,1,321,大淀改,おおよど,軽巡洋艦,Ooyodo #1,CL,Ooyodo Kai,大淀改
184,184,0,184,大鯨,たいげい・りゅうほう,潜水母艦,Taigei #1,AS,Taigei,大鯨
184,184,1,185,龍鳳,たいげい・りゅうほう,軽空母,Ryuuhou #1,CVL,Ryuuhou,龍鳳
184,184,2,318,龍鳳改,たいげい・りゅうほう,軽空母,Ryuuhou #1,CVL,Ryuuhou Kai,龍鳳改
184,184,3,883,龍鳳改二戊,たいげい・りゅうほう,軽空母,Ryuuhou #1,CVL,Ryuuhou Kai Ni E,龍鳳改二戊
184,184,4,888,龍鳳改二,たいげい・りゅうほう,軽空母,Ryuuhou #1,CVL,Ryuuhou Kai Ni,龍鳳改二
186,186,0,186,時津風,ときつかぜ,駆逐艦,Kagerou #10,DD,Tokitsukaze,時津風
186,186,1,322,時津風改,ときつかぜ,駆逐艦,Kagerou #10,DD,Tokitsukaze Kai,時津風改
404,201,0,404,雲龍,うんりゅう,正規空母,Unryuu #1,CV,Unryuu,雲龍
404,201,1,406,雲龍改,うんりゅう,正規空母,Unryuu #1,CV,Unryuu Kai,雲龍改
331,202,0,331,天城,あまぎ,正規空母,Unryuu #2,CV,Amagi,天城
331,202,1,429,天城改,あまぎ,正規空母,Unryuu #2,CV,Amagi Kai,天城改
332,203,0,332,葛城,かつらぎ,正規空母,Unryuu #3,CV,Katsuragi,葛城
332,203,1,430,葛城改,かつらぎ,正規空母,Unryuu #3,CV,Katsuragi Kai,葛城改
405,205,0,405,春雨,はるさめ,駆逐艦,Shiratsuyu #5,DD,Harusame,春雨
405,205,1,323,春雨改,はるさめ,駆逐艦,Shiratsuyu #5,DD,Harusame Kai,春雨改
405,205,2,975,春雨改二,はるさめ,駆逐艦,Shiratsuyu #5,DD,Harusame Kai Ni,春雨改二
409,209,0,409,早霜,はやしも,駆逐艦,Yuugumo #17,DD,Hayashimo,早霜
409,209,1,324,早霜改,はやしも,駆逐艦,Yuugumo #17,DD,Hayashimo Kai,早霜改
409,209,2,956,早霜改二,はやしも,駆逐艦,Yuugumo #17,DD,Hayashimo Kai Ni,早霜改二
410,210,0,410,清霜,きよしも,駆逐艦,Yuugumo #19,DD,Kiyoshimo,清霜
410,210,1,325,清霜改,きよしも,駆逐艦,Yuugumo #19,DD,Kiyoshimo Kai,清霜改
410,210,2,955,清霜改二,きよしも,駆逐艦,Yuugumo #19,DD,Kiyoshimo Kai Ni,清霜改二
410,210,3,960,清霜改二丁,きよしも,駆逐艦,Yuugumo #19,DD,Kiyoshimo Kai Ni D,清霜改二丁
413,213,0,413,朝雲,あさぐも,駆逐艦,Asashio #5,DD,Asagumo,朝雲
413,213,1,327,朝雲改,あさぐも,駆逐艦,Asashio #5,DD,Asagumo Kai,朝雲改
414,214,0,414,山雲,やまぐも,駆逐艦,Asashio #6,DD,Yamagumo,山雲
414,214,1,328,山雲改,やまぐも,駆逐艦,Asashio #6,DD,Yamagumo Kai,山雲改
415,215,0,415,野分,のわき,駆逐艦,Kagerou #15,DD,Nowaki,野分
415,215,1,329,野分改,のわき,駆逐艦,Kagerou #15,DD,Nowaki Kai,野分改
421,221,0,421,秋月,あきづき,駆逐艦,Akizuki #1,DD,Akizuki,秋月
421,221,1,330,秋月改,あきづき,駆逐艦,Akizuki #1,DD,Akizuki Kai,秋月改
421,221,2,963,秋月改二,あきづき,駆逐艦,Akizuki #1,DD,Akizuki Kai Ni,秋月改二
422,222,0,422,照月,てるづき,駆逐艦,Akizuki #2,DD,Teruzuki,照月
422,222,1,346,照月改,てるづき,駆逐艦,Akizuki #2,DD,Teruzuki Kai,照月改
423,223,0,423,初月,はつづき,駆逐艦,Akizuki #4,DD,Hatsuzuki,初月
423,223,1,357,初月改,はつづき,駆逐艦,Akizuki #4,DD,Hatsuzuki Kai,初月改
423,223,2,968,初月改二,はつづき,駆逐艦,Akizuki #4,DD,Hatsuzuki Kai Ni,初月改二
424,224,0,424,高波,たかなみ,駆逐艦,Yuugumo #6,DD,Takanami,高波
424,224,1,345,高波改,たかなみ,駆逐艦,Yuugumo #6,DD,Takanami Kai,高波改
424,224,2,649,高波改二,たかなみ,駆逐艦,Yuugumo #6,DD,Takanami Kai Ni,高波改二
425,225,0,425,朝霜,あさしも,駆逐艦,Yuugumo #16,DD,Asashimo,朝霜
425,225,1,344,朝霜改,あさしも,駆逐艦,Yuugumo #16,DD,Asashimo Kai,朝霜改
425,225,2,578,朝霜改二,あさしも,駆逐艦,Yuugumo #16,DD,Asashimo Kai Ni,朝霜改二
425,225,3,744,朝霜改二補,あさしも,駆逐艦,Yuugumo #16,DD,Asashimo Kai Ni Ho,朝霜改二補
431,231,0,431,U-511,ゆー511・ろ500,潜水艦,Type IXC U-boat #41,SS,U-511,U-511
431,231,1,334,U-511改,ゆー511・ろ500,潜水艦,Type IXC U-boat #41,SS,U-511 Kai,U-511改
431,231,2,436,呂500,ゆー511・ろ500,潜水艦,Ro-series Submarine #1,SS,Ro-500,呂500
432,232,0,432,Graf Zeppelin,グラーフ・ツェッペリン,正規空母,Graf Zeppelin #1,CV,Graf Zeppelin,齊柏林伯爵
432,232,1,353,Graf Zeppelin改,グラーフ・ツェッペリン,正規空母,Graf Zeppelin #1,CV,Graf Zeppelin Kai,齊柏林伯爵改
433,233,0,433,Saratoga,サラトガ,正規空母,Lexington #2,CV,Saratoga,薩拉托加
433,233,1,438,Saratoga改,サラトガ,正規空母,Lexington #2,CV,Saratoga Kai,薩拉托加改
433,233,2,545,Saratoga Mk.II,サラトガ,正規空母,Lexington #2,CV,Saratoga Mk.II,薩拉托加 Mk.II
433,233,3,550,Saratoga Mk.II Mod.2,サラトガ,装甲空母,Lexington #2,CVB,Saratoga Mk.II Mod.2,薩拉托加 Mk.II Mod.2
439,239,0,439,Warspite,ウォースパイト,戦艦,Queen Elizabeth #2,BB,Warspite,厭戰
439,239,1,364,Warspite改,ウォースパイト,戦艦,Queen Elizabeth #2,BB,Warspite Kai,厭戰改
440,240,0,440,Iowa,アイオワ,戦艦,Iowa #1,FBB,Iowa,愛荷華
440,240,1,360,Iowa改,アイオワ,戦艦,Iowa #1,FBB,Iowa Kai,愛荷華改
441,241,0,441,Littorio,リットリオ・イタリア,戦艦,Vittorio Veneto #2,FBB,Littorio,利托里奧
441,241,1,446,Italia,リットリオ・イタリア,戦艦,Vittorio Veneto #2,FBB,Italia,Italia
442,242,0,442,Roma,ローマ,戦艦,Vittorio Veneto #4,FBB,Roma,羅馬
442,242,1,447,Roma改,ローマ,戦艦,Vittorio Veneto #4,FBB,Roma Kai,羅馬改
443,243,0,443,Libeccio,リベッチオ,駆逐艦,Maestrale #3,DD,Libeccio,西南風
443,243,1,347,Libeccio改,リベッチオ,駆逐艦,Maestrale #3,DD,Libeccio Kai,西南風改
444,244,0,444,Aquila,アクィラ,正規空母,Aquila #1,CV,Aquila,天鷹
444,244,1,365,Aquila改,アクィラ,正規空母,Aquila #1,CV,Aquila Kai,天鷹改
445,245,0,445,秋津洲,あきつしま,水上機母艦,Akitsushima #1,AV,Akitsushima,秋津洲
445,245,1,450,秋津洲改,あきつしま,水上機母艦,Akitsushima #1,AV,Akitsushima Kai,秋津洲改
448,248,0,448,Zara,ザラ,重巡洋艦,Zara #1,CA,Zara,札拉
448,248,1,358,Zara改,ザラ,重巡洋艦,Zara #1,CA,Zara Kai,札拉改
448,248,2,496,Zara due,ザラ,重巡洋艦,Zara #1,CA,Zara Due,札拉改二
449,249,0,449,Pola,ポーラ,重巡洋艦,Zara #3,CA,Pola,波拉
449,249,1,361,Pola改,ポーラ,重巡洋艦,Zara #3,CA,Pola Kai,波拉改
451,251,0,451,瑞穂,みずほ,水上機母艦,Mizuho #1,AV,Mizuho,瑞穗
451,251,1,348,瑞穂改,みずほ,水上機母艦,Mizuho #1,AV,Mizuho Kai,瑞穗改
452,252,0,452,沖波,おきなみ,駆逐艦,Yuugumo #14,DD,Okinami,沖波
452,252,1,359,沖波改,おきなみ,駆逐艦,Yuugumo #14,DD,Okinami Kai,沖波改
452,252,2,569,沖波改二,おきなみ,駆逐艦,Yuugumo #14,DD,Okinami Kai Ni,沖波改二
453,253,0,453,風雲,かざぐも,駆逐艦,Yuugumo #3,DD,Kazagumo,風雲
453,253,1,349,風雲改,かざぐも,駆逐艦,Yuugumo #3,DD,Kazagumo Kai,風雲改
453,253,2,564,風雲改二,かざぐも,駆逐艦,Yuugumo #3,DD,Kazagumo Kai Ni,風雲改二
454,254,0,454,嵐,あらし,駆逐艦,Kagerou #16,DD,Arashi,嵐
454,254,1,354,嵐改,あらし,駆逐艦,Kagerou #16,DD,Arashi Kai,嵐改
455,255,0,455,萩風,はぎかぜ,駆逐艦,Kagerou #17,DD,Hagikaze,萩風
455,255,1,355,萩風改,はぎかぜ,駆逐艦,Kagerou #17,DD,Hagikaze Kai,萩風改
456,256,0,456,親潮,おやしお,駆逐艦,Kagerou #4,DD,Oyashio,親潮
456,256,1,362,親潮改,おやしお,駆逐艦,Kagerou #4,DD,Oyashio Kai,親潮改
456,256,2,670,親潮改二,おやしお,駆逐艦,Kagerou #4,DD,Oyashio Kai Ni,親潮改二
457,257,0,457,山風,やまかぜ,駆逐艦,Shiratsuyu #8,DD,Yamakaze,山風
457,257,1,369,山風改,やまかぜ,駆逐艦,Shiratsuyu #8,DD,Yamakaze Kai,山風改
457,257,2,588,山風改二,やまかぜ,駆逐艦,Shiratsuyu #8,DD,Yamakaze Kai Ni,山風改二
457,257,3,667,山風改二丁,やまかぜ,駆逐艦,Shiratsuyu #8,DD,Yamakaze Kai Ni D,山風改二丁
458,258,0,458,海風,うみかぜ,駆逐艦,Shiratsuyu #7,DD,Umikaze,海風
458,258,1,350,海風改,うみかぜ,駆逐艦,Shiratsuyu #7,DD,Umikaze Kai,海風改
458,258,2,587,海風改二,うみかぜ,駆逐艦,Shiratsuyu #7,DD,Umikaze Kai Ni,海風改二
459,259,0,459,江風,かわかぜ,駆逐艦,Shiratsuyu #9,DD,Kawakaze,江風
459,259,1,351,江風改,かわかぜ,駆逐艦,Shiratsuyu #9,DD,Kawakaze Kai,江風改
459,259,2,469,江風改二,かわかぜ,駆逐艦,Shiratsuyu #9,DD,Kawakaze Kai Ni,江風改二
460,260,0,460,速吸,はやすい,補給艦,Kai Kazahaya #1,AO,Hayasui,速吸
460,260,1,352,速吸改,はやすい,補給艦,Kai Kazahaya #1,AO,Hayasui Kai,速吸改
465,265,0,465,鹿島,かしま,練習巡洋艦,Katori #2,CT,Kashima,鹿島
465,265,1,356,鹿島改,かしま,練習巡洋艦,Katori #2,CT,Kashima Kai,鹿島改
471,271,0,471,神風,かみかぜ,駆逐艦,Kamikaze #1,DD,Kamikaze,神風
471,271,1,476,神風改,かみかぜ,駆逐艦,Kamikaze #1,DD,Kamikaze Kai,神風改
472,272,0,472,朝風,あさかぜ,駆逐艦,Kamikaze #2,DD,Asakaze,朝風
472,272,1,370,朝風改,あさかぜ,駆逐艦,Kamikaze #2,DD,Asakaze Kai,朝風改
473,273,0,473,春風,はるかぜ,駆逐艦,Kamikaze #3,DD,Harukaze,春風
473,273,1,363,春風改,はるかぜ,駆逐艦,Kamikaze #3,DD,Harukaze Kai,春風改
474,274,0,474,松風,まつかぜ,駆逐艦,Kamikaze #4,DD,Matsukaze,松風
474,274,1,371,松風改,まつかぜ,駆逐艦,Kamikaze #4,DD,Matsukaze Kai,松風改
475,275,0,475,旗風,はたかぜ,駆逐艦,Kamikaze #5,DD,Hatakaze,旗風
475,275,1,387,旗風改,はたかぜ,駆逐艦,Kamikaze #5,DD,Hatakaze Kai,旗風改
479,279,0,479,天霧,あまぎり,駆逐艦,Ayanami #5,DD,Amagiri,天霧
479,279,1,390,天霧改,あまぎり,駆逐艦,Ayanami #5,DD,Amagiri Kai,天霧改
479,279,2,903,天霧改二,あまぎり,駆逐艦,Ayanami #5,DD,Amagiri Kai Ni,天霧改二
479,279,3,908,天霧改二丁,あまぎり,駆逐艦,Ayanami #5,DD,Amagiri Kai Ni D,天霧改二丁
480,280,0,480,狭霧,さぎり,駆逐艦,Ayanami #6,DD,Sagiri,狹霧
480,280,1,391,狭霧改,さぎり,駆逐艦,Ayanami #6,DD,Sagiri Kai,狹霧改
481,281,0,481,水無月,みなづき,駆逐艦,Mutsuki #6,DD,Minazuki,水無月
481,281,1,366,水無月改,みなづき,駆逐艦,Mutsuki #6,DD,Minazuki Kai,水無月改
483,283,0,483,伊26,い26,潜水艦,Junsen Type B #7,SS,I-26,伊26
483,283,1,367,伊26改,い26,潜水空母,Junsen Type B #7,SSV,I-26 Kai,伊26改
484,284,0,484,浜波,はまなみ,駆逐艦,Yuugumo #13,DD,Hamanami,濱波
484,284,1,680,浜波改,はまなみ,駆逐艦,Yuugumo #13,DD,Hamanami Kai,濱波改
484,284,2,983,浜波改二,はまなみ,駆逐艦,Yuugumo #13,DD,Hamanami Kai Ni,濱波改二
485,285,0,485,藤波,ふじなみ,駆逐艦,Yuugumo #11,DD,Fujinami,藤波
485,285,1,373,藤波改,ふじなみ,駆逐艦,Yuugumo #11,DD,Fujinami Kai,藤波改
485,285,2,981,藤波改二,ふじなみ,駆逐艦,Yuugumo #11,DD,Fujinami Kai Ni,藤波改二
486,286,0,486,浦波,うらなみ,駆逐艦,Fubuki #10,DD,Uranami,浦波
486,286,1,368,浦波改,うらなみ,駆逐艦,Fubuki #10,DD,Uranami Kai,浦波改
486,286,2,647,浦波改二,うらなみ,駆逐艦,Fubuki #10,DD,Uranami Kai Ni,浦波改二
491,291,0,491,Commandant Teste,コマンダン・テスト,水上機母艦,Commandant Teste #1,AV,Commandant Teste,塔斯特指揮官
491,291,1,372,Commandant Teste改,コマンダン・テスト,水上機母艦,Commandant Teste #1,AV,Commandant Teste Kai,塔斯特指揮官改
492,292,0,492,Richelieu,リシュリュー,戦艦,Richelieu #1,FBB,Richelieu,黎胥留
492,292,1,392,Richelieu改,リシュリュー,戦艦,Richelieu #1,FBB,Richelieu Kai,黎胥留改
492,292,2,969,Richelieu Deux,リシュリュー,戦艦,Richelieu #1,FBB,Richelieu Deux,黎胥留改二
493,293,0,493,伊400,い400,潜水空母,Sentoku Type (I-400 Class Submarine) #1,SSV,I-400,伊400
493,293,1,606,伊400改,い400,潜水空母,Sentoku Type (I-400 Class Submarine) #1,SSV,I-400 Kai,伊400改
494,294,0,494,伊13,い13,潜水空母,Junsen Type A Kai Ni #1,SSV,I-13,伊13
494,294,1,374,伊13改,い13,潜水空母,Junsen Type A Kai Ni #1,SSV,I-13 Kai,伊13改
495,295,0,495,伊14,い14,潜水空母,Junsen Type A Kai Ni #2,SSV,I-14,伊14
495,295,1,375,伊14改,い14,潜水空母,Junsen Type A Kai Ni #2,SSV,I-14 Kai,伊14改
511,311,0,511,Гангут,ガングート,戦艦,Gangut #1,FBB,Gangut,甘古特
511,311,1,512,Октябрьская революция,ガングート,戦艦,Gangut #1,FBB,Oktyabrskaya Revolyutsiya,Октябрьская революция
511,311,2,513,Гангут два,ガングート,戦艦,Gangut #1,FBB,Gangut Dva,甘古特改二
516,313,0,516,Ташкент,タシュケント,駆逐艦,Tashkent #1,DD,Tashkent,塔什干
516,313,1,395,Ташкент改,タシュケント,駆逐艦,Tashkent #1,DD,Tashkent Kai,塔什干改
514,314,0,514,Sheffield,シェフィールド,軽巡洋艦,Town #5,CL,Sheffield,雪菲爾
514,314,1,705,Sheffield改,シェフィールド,軽巡洋艦,Town #5,CL,Sheffield Kai,雪菲爾改
515,315,0,515,Ark Royal,アークロイヤル,正規空母,Ark Royal #1,CV,Ark Royal,皇家方舟
515,315,1,393,Ark Royal改,アークロイヤル,正規空母,Ark Royal #1,CV,Ark Royal Kai,皇家方舟改
517,317,0,517,占守,しむしゅ,海防艦,Shimushu #1,DE,Shimushu,占守
517,317,1,376,占守改,しむしゅ,海防艦,Shimushu #1,DE,Shimushu Kai,占守改
518,318,0,518,国後,くなしり,海防艦,Shimushu #2,DE,Kunashiri,國後
518,318,1,377,国後改,くなしり,海防艦,Shimushu #2,DE,Kunashiri Kai,國後改
519,319,0,519,Jervis,ジャーヴィス,駆逐艦,J #1,DD,Jervis,賈維斯
519,319,1,394,Jervis改,ジャーヴィス,駆逐艦,J #1,DD,Jervis Kai,賈維斯改
520,320,0,520,Janus,ジェーナス,駆逐艦,J #5,DD,Janus,傑納斯
520,320,1,893,Janus改,ジェーナス,駆逐艦,J #5,DD,Janus Kai,傑納斯改
521,321,0,521,春日丸,たいよう,軽空母,Kasuga Maru #1,CVL,Kasuga Maru,春日丸
521,321,1,526,大鷹,たいよう,軽空母,Taiyou #1,CVL,Taiyou,大鷹
521,321,2,380,大鷹改,たいよう,軽空母,Taiyou #1,CVL,Taiyou Kai,大鷹改
521,321,3,529,大鷹改二,たいよう,軽空母,Taiyou #1,CVL,Taiyou Kai Ni,大鷹改二
522,322,0,522,八幡丸,うんよう,軽空母,Kasuga Maru #2,CVL,Yawata Maru,八幡丸
522,322,1,884,雲鷹,うんよう,軽空母,Taiyou #2,CVL,Unyou,雲鷹
522,322,2,382,雲鷹改,うんよう,軽空母,Taiyou #2,CVL,Unyou Kai,雲鷹改
522,322,3,889,雲鷹改二,うんよう,軽空母,Taiyou #2,CVL,Unyou Kai Ni,雲鷹改二
534,324,0,534,神鷹,しんよう,軽空母,Taiyou #4,CVL,Shinyou,神鷹
534,324,1,381,神鷹改,しんよう,軽空母,Taiyou #4,CVL,Shinyou Kai,神鷹改
534,324,2,536,神鷹改二,しんよう,軽空母,Taiyou #4,CVL,Shinyou Kai Ni,神鷹改二
535,325,0,535,Luigi Torelli,ルイージ・トレッリ,潜水艦,Guglielmo Marconi #4,SS,Luigi Torelli,路易吉·托雷利
535,325,1,605,Luigi Torelli改,ルイージ・トレッリ,潜水艦,Guglielmo Marconi #4,SS,Luigi Torelli Kai,路易吉·托雷利改
535,325,2,539,UIT-25,ルイージ・トレッリ,潜水艦,Guglielmo Marconi #4,SS,UIT-25,UIT-25
535,325,3,530,伊504,ルイージ・トレッリ,潜水艦,Guglielmo Marconi #4,SS,I-504,伊504
527,327,0,527,岸波,きしなみ,駆逐艦,Yuugumo #15,DD,Kishinami,岸波
527,327,1,686,岸波改,きしなみ,駆逐艦,Yuugumo #15,DD,Kishinami Kai,岸波改
528,328,0,528,早波,はやなみ,駆逐艦,Yuugumo #12,DD,Hayanami,早波
528,328,1,688,早波改,はやなみ,駆逐艦,Yuugumo #12,DD,Hayanami Kai,早波改
528,328,2,982,早波改二,はやなみ,駆逐艦,Yuugumo #12,DD,Hayanami Kai Ni,早波改二
532,332,0,532,涼月,すずつき,駆逐艦,Akizuki #3,DD,Suzutsuki,涼月
532,332,1,537,涼月改,すずつき,駆逐艦,Akizuki #3,DD,Suzutsuki Kai,涼月改
533,333,0,533,冬月,ふゆつき,駆逐艦,Akizuki #8,DD,Fuyutsuki,冬月
533,333,1,538,冬月改,ふゆつき,駆逐艦,Akizuki #8,DD,Fuyutsuki Kai,冬月改
524,334,0,524,択捉,えとろふ,海防艦,Etorofu #1,DE,Etorofu,擇捉
524,334,1,383,択捉改,えとろふ,海防艦,Etorofu #1,DE,Etorofu Kai,擇捉改
525,335,0,525,松輪,まつわ,海防艦,Etorofu #2,DE,Matsuwa,松輪
525,335,1,384,松輪改,まつわ,海防艦,Etorofu #2,DE,Matsuwa Kai,松輪改
531,339,0,531,佐渡,さど,海防艦,Etorofu #3,DE,Sado,佐渡
531,339,1,385,佐渡改,さど,海防艦,Etorofu #3,DE,Sado Kai,佐渡改
540,340,0,540,対馬,つしま,海防艦,Etorofu #7,DE,Tsushima,對馬
540,340,1,386,対馬改,つしま,海防艦,Etorofu #7,DE,Tsushima Kai,對馬改
544,344,0,544,Gambier Bay,ガンビア・ベイ,軽空母,Casablanca #19,CVL,Gambier Bay,甘比爾灣
544,344,1,396,Gambier Bay改,ガンビア・ベイ,軽空母,Casablanca #19,CVL,Gambier Bay Kai,甘比爾灣改
544,344,2,707,Gambier Bay Mk.II,ガンビア・ベイ,軽空母,Casablanca #19,CVL,Gambier Bay Mk.II,甘比爾灣 Mk.II
549,349,0,549,Intrepid,イントレピッド,正規空母,Essex #5,CV,Intrepid,無畏
549,349,1,397,Intrepid改,イントレピッド,正規空母,Essex #5,CV,Intrepid Kai,無畏改
551,351,0,551,日振,ひぶり,海防艦,Hiburi #1,DE,Hiburi,日振
551,351,1,678,日振改,ひぶり,海防艦,Hiburi #1,DE,Hiburi Kai,日振改
552,352,0,552,大東,だいとう,海防艦,Hiburi #2,DE,Daitou,大東
552,352,1,679,大東改,だいとう,海防艦,Hiburi #2,DE,Daitou Kai,大東改
561,361,0,561,Samuel B.Roberts,サミュエル・B・ロバーツ,駆逐艦,John C. Butler #46,DD,Samuel B. Roberts,山繆·B·羅伯茲
561,361,1,681,Samuel B.Roberts改,サミュエル・B・ロバーツ,駆逐艦,John C. Butler #46,DD,Samuel B. Roberts Kai,山繆·B·羅伯茲改
561,361,2,920,Samuel B.Roberts Mk.II,サミュエル・B・ロバーツ,駆逐艦,John C. Butler #46,DD,Samuel B. Roberts Mk.II,山繆·B·羅伯茲 Mk.II
562,362,0,562,Johnston,ジョンストン,駆逐艦,Fletcher #73,DD,Johnston,強斯頓
562,362,1,689,Johnston改,ジョンストン,駆逐艦,Fletcher #73,DD,Johnston Kai,強斯頓改
565,365,0,565,福江,ふかえ,海防艦,Etorofu #10,DE,Fukae,福江
565,365,1,685,福江改,ふかえ,海防艦,Etorofu #10,DE,Fukae Kai,福江改
570,370,0,570,平戸,ひらと,海防艦,Etorofu #9,DE,Hirato,平戶
570,370,1,684,平戸改,ひらと,海防艦,Etorofu #9,DE,Hirato Kai,平戸改
571,371,0,571,Nelson,ネルソン,戦艦,Nelson #1,BB,Nelson,納爾遜
571,371,1,576,Nelson改,ネルソン,戦艦,Nelson #1,BB,Nelson Kai,納爾遜改
572,372,0,572,Rodney,ロドニー,戦艦,Nelson #2,BB,Rodney,羅德尼
572,372,1,577,Rodney改,ロドニー,戦艦,Nelson #2,BB,Rodney Kai,羅德尼改
574,374,0,574,Gotland,ゴトランド,軽巡洋艦,Gotland #1,CL,Gotland,哥特蘭
574,374,1,579,Gotland改,ゴトランド,軽巡洋艦,Gotland #1,CL,Gotland Kai,哥特蘭改
574,374,2,630,Gotland andra,ゴトランド,軽巡洋艦,Gotland #1,CL,Gotland Andra,哥特蘭改二
575,375,0,575,Maestrale,マエストラーレ,駆逐艦,Maestrale #1,DD,Maestrale,西北風
575,375,1,580,Maestrale改,マエストラーレ,駆逐艦,Maestrale #1,DD,Maestrale Kai,西北風改
581,381,0,581,日進,にっしん,水上機母艦,Nisshin #1,AV,Nisshin,日進
581,381,1,690,日進改,にっしん,水上機母艦,Nisshin #1,AV,Nisshin Kai,日進改
581,381,2,586,日進甲,にっしん,水上機母艦,Nisshin #1,AV,Nisshin A,日進甲
582,382,0,582,夏雲,なつぐも,駆逐艦,Asashio #7,DD,Natsugumo,夏雲
582,382,1,721,夏雲改,なつぐも,駆逐艦,Asashio #7,DD,Natsugumo Kai,夏雲改
583,383,0,583,峯雲,みねぐも,駆逐艦,Asashio #8,DD,Minegumo,峯雲
583,383,1,687,峯雲改,みねぐも,駆逐艦,Asashio #8,DD,Minegumo Kai,峯雲改
584,384,0,584,八丈,はちじょう,海防艦,Shimushu #3,DE,Hachijou,八丈
584,384,1,378,八丈改,はちじょう,海防艦,Shimushu #3,DE,Hachijou Kai,八丈改
585,385,0,585,石垣,いしがき,海防艦,Shimushu #4,DE,Ishigaki,石垣
585,385,1,379,石垣改,いしがき,海防艦,Shimushu #4,DE,Ishigaki Kai,石垣改
589,389,0,589,L.d.S.D.d.Abruzzi,アブルッツィ,軽巡洋艦,Duca degli Abruzzi #1,CL,Duca degli Abruzzi,阿布魯齊公爵
589,389,1,693,L.d.S.D.d.Abruzzi改,アブルッツィ,軽巡洋艦,Duca degli Abruzzi #1,CL,Duca degli Abruzzi Kai,阿布魯齊公爵改
590,390,0,590,G.Garibaldi,ガリバルディ,軽巡洋艦,Duca degli Abruzzi #2,CL,Giuseppe Garibaldi,朱塞佩·加里波底
590,390,1,691,G.Garibaldi改,ガリバルディ,軽巡洋艦,Duca degli Abruzzi #2,CL,Giuseppe Garibaldi Kai,朱塞佩·加里波底改
595,395,0,595,Houston,ヒューストン,重巡洋艦,Northampton #5,CA,Houston,休士頓
595,395,1,600,Houston改,ヒューストン,重巡洋艦,Northampton #5,CA,Houston Kai,休士頓改
596,396,0,596,Fletcher,フレッチャー,駆逐艦,Fletcher #1,DD,Fletcher,弗萊徹
596,396,1,692,Fletcher改,フレッチャー,駆逐艦,Fletcher #1,DD,Fletcher Kai,弗萊徹改
596,396,2,628,Fletcher改 Mod.2,フレッチャー,駆逐艦,Fletcher #1,DD,Fletcher Kai Mod.2,弗萊徹改 Mod.2
596,396,3,629,Fletcher Mk.II,フレッチャー,駆逐艦,Fletcher #1,DD,Fletcher Mk.II,弗萊徹 Mk.II
597,397,0,597,Atlanta,アトランタ,軽巡洋艦,Atlanta #1,CL,Atlanta,亞特蘭大
597,397,1,696,Atlanta改,アトランタ,軽巡洋艦,Atlanta #1,CL,Atlanta Kai,亞特蘭大改
598,398,0,598,Honolulu,ホノルル,軽巡洋艦,Brooklyn #7,CL,Honolulu,檀香山
598,398,1,711,Honolulu改,ホノルル,軽巡洋艦,Brooklyn #7,CL,Honolulu Kai,檀香山改
604,399,0,604,De Ruyter,デ・ロイテル,軽巡洋艦,De Ruyter #1,CL,De Ruyter,戴·魯伊特
604,399,1,609,De Ruyter改,デ・ロイテル,軽巡洋艦,De Ruyter #1,CL,De Ruyter Kai,戴·魯伊特改
601,401,0,601,Colorado,コロラド,戦艦,Colorado #1,BB,Colorado,科羅拉多
601,401,1,1496,Colorado改,コロラド,戦艦,Colorado #1,BB,Colorado Kai,科羅拉多改
602,402,0,602,South Dakota,サウスダコタ,戦艦,South Dakota #1,FBB,South Dakota,南達科他
602,402,1,697,South Dakota改,サウスダコタ,戦艦,South Dakota #1,FBB,South Dakota Kai,南達科他改
603,403,0,603,Hornet,ホーネット,正規空母,Yorktown #3,CV,Hornet,黃蜂
603,403,1,704,Hornet改,ホーネット,正規空母,Yorktown #3,CV,Hornet Kai,黃蜂改
699,408,0,699,宗谷,そうや,補給艦,Ice-strengthened General-duties Transport Ship #2,AO,Souya,宗谷
699,408,1,645,宗谷,そうや,補給艦,Ice-strengthened General-duties Transport Ship #2,AO,Souya (AGL),宗谷
699,408,2,650,宗谷,そうや,補給艦,Ice-strengthened General-duties Transport Ship #2,AO,Souya (AGB),宗谷
611,411,0,611,御蔵,みくら,海防艦,Mikura #1,DE,Mikura,御藏
611,411,1,616,御蔵改,みくら,海防艦,Mikura #1,DE,Mikura Kai,御藏改
612,412,0,612,屋代,やしろ,海防艦,Mikura #6,DE,Yashiro,屋代
612,412,1,617,屋代改,やしろ,海防艦,Mikura #6,DE,Yashiro Kai,屋代改
613,413,0,613,Perth,パース,軽巡洋艦,Perth #1,CL,Perth,伯斯
613,413,1,618,Perth改,パース,軽巡洋艦,Perth #1,CL,Perth Kai,伯斯改
614,414,0,614,Grecale,グレカーレ,駆逐艦,Maestrale #2,DD,Grecale,東北風
614,414,1,619,Grecale改,グレカーレ,駆逐艦,Maestrale #2,DD,Grecale Kai,東北風改
615,415,0,615,Helena,ヘレナ,軽巡洋艦,St. Louis #2,CL,Helena,海倫娜
615,415,1,620,Helena改,ヘレナ,軽巡洋艦,St. Louis #2,CL,Helena Kai,海倫娜改
621,421,0,621,神州丸,しんしゅうまる,揚陸艦,Army Special Purpose Ship (R1) #1,LHA,Shinshuu Maru,神州丸
621,421,1,626,神州丸改,しんしゅうまる,揚陸艦,Army Special Purpose Ship (R1) #1,LHA,Shinshuu Maru Kai,神州丸改
625,425,0,625,秋霜,あきしも,駆逐艦,Yuugumo #18,DD,Akishimo,秋霜
625,425,1,695,秋霜改,あきしも,駆逐艦,Yuugumo #18,DD,Akishimo Kai,秋霜改
631,431,0,631,薄雲,うすぐも,駆逐艦,Fubuki #7,DD,Usugumo,薄雲
631,431,1,700,薄雲改,うすぐも,駆逐艦,Fubuki #7,DD,Usugumo Kai,薄雲改
632,432,0,632,有明,ありあけ,駆逐艦,Hatsuharu #5,DD,Ariake,有明
632,432,1,703,有明改,ありあけ,駆逐艦,Hatsuharu #5,DD,Ariake Kai,有明改
633,433,0,633,夕暮,ゆうぐれ,駆逐艦,Hatsuharu #6,DD,Yuugure,夕暮
633,433,1,725,夕暮改,ゆうぐれ,駆逐艦,Hatsuharu #6,DD,Yuugure Kai,夕暮改
634,434,0,634,迅鯨,じんげい,潜水母艦,Jingei #1,AS,Jingei,迅鯨
634,434,1,639,迅鯨改,じんげい,潜水母艦,Jingei #1,AS,Jingei Kai,迅鯨改
635,435,0,635,長鯨,ちょうげい,潜水母艦,Jingei #2,AS,Chougei,長鯨
635,435,1,640,長鯨改,ちょうげい,潜水母艦,Jingei #2,AS,Chougei Kai,長鯨改
636,436,0,636,伊47,い47,潜水艦,Junsen Type C #7,SS,I-47,伊47
636,436,1,607,伊47改,い47,潜水艦,Junsen Type C #7,SS,I-47 Kai,伊47改
637,437,0,637,第四号海防艦,だいよんごう,海防艦,Type D Kaiboukan #2,DE,Kaiboukan No.4,第四號海防艦
637,437,1,701,第四号海防艦改,だいよんごう,海防艦,Type D Kaiboukan #2,DE,Kaiboukan No.4 Kai,第四號海防艦改
638,438,0,638,第三〇号海防艦,だいさんじゅうごう,海防艦,Type D Kaiboukan #15,DE,Kaiboukan No.30,第三〇號海防艦
638,438,1,712,第三〇号海防艦改,だいさんじゅうごう,海防艦,Type D Kaiboukan #15,DE,Kaiboukan No.30 Kai,第三〇號海防艦改
641,441,0,641,松,まつ,駆逐艦,Matsu #1,DD,Matsu,松
641,441,1,702,松改,まつ,駆逐艦,Matsu #1,DD,Matsu Kai,松改
642,442,0,642,竹,たけ,駆逐艦,Matsu #2,DD,Take,竹
642,442,1,706,竹改,たけ,駆逐艦,Matsu #2,DD,Take Kai,竹改
643,443,0,643,梅,うめ,駆逐艦,Matsu #3,DD,Ume,梅
643,443,1,716,梅改,うめ,駆逐艦,Matsu #3,DD,Ume Kai,梅改
644,444,0,644,桃,もも,駆逐艦,Matsu #4,DD,Momo,桃
644,444,1,708,桃改,もも,駆逐艦,Matsu #4,DD,Momo Kai,桃改
653,453,0,653,Scirocco,シロッコ,駆逐艦,Maestrale #4,DD,Scirocco,東南風
653,453,1,658,Scirocco改,シロッコ,駆逐艦,Maestrale #4,DD,Scirocco Kai,東南風改
654,454,0,654,Washington,ワシントン,戦艦,North Carolina #2,FBB,Washington,華盛頓
654,454,1,659,Washington改,ワシントン,戦艦,North Carolina #2,FBB,Washington Kai,華盛頓改
655,455,0,655,Northampton,ノーザンプトン,重巡洋艦,Northampton #1,CA,Northampton,北安普頓
655,455,1,660,Northampton改,ノーザンプトン,重巡洋艦,Northampton #1,CA,Northampton Kai,北安普頓改
671,471,0,671,巻波,まきなみ,駆逐艦,Yuugumo #5,DD,Makinami,卷波
671,471,1,709,巻波改,まきなみ,駆逐艦,Yuugumo #5,DD,Makinami Kai,卷波改
674,474,0,674,玉波,たまなみ,駆逐艦,Yuugumo #9,DD,Tamanami,玉波
674,474,1,718,玉波改,たまなみ,駆逐艦,Yuugumo #9,DD,Tamanami Kai,玉波改
674,474,2,1033,玉波改二,たまなみ,駆逐艦,Yuugumo #9,DD,Tamanami Kai Ni,玉波改二
675,475,0,675,涼波,すずなみ,駆逐艦,Yuugumo #10,DD,Suzunami,涼波
675,475,1,710,涼波改,すずなみ,駆逐艦,Yuugumo #10,DD,Suzunami Kai,涼波改
675,475,2,1034,涼波改二,すずなみ,駆逐艦,Yuugumo #10,DD,Suzunami Kai Ni,涼波改二
675,475,3,745,涼波改二補,すずなみ,駆逐艦,Yuugumo #10,DD,Suzunami Kai Ni Ho,涼波改二補
877,477,0,877,Conte di Cavour,カブール,戦艦,Conte di Cavour #1,BB,Conte di Cavour,加富爾伯爵
877,477,1,878,Conte di Cavour改,カブール,戦艦,Conte di Cavour #1,FBB,Conte di Cavour Kai,加富爾伯爵改
877,477,2,879,Conte di Cavour nuovo,カブール,戦艦,Conte di Cavour #1,FBB,Conte di Cavour Nuovo,加富爾伯爵 nuovo
881,481,0,881,伊201,い201,潜水艦,Sentaka Type #1,SS,I-201,伊201
881,481,1,719,伊201改,い201,潜水艦,Sentaka Type #1,SS,I-201 Kai,伊201改
882,482,0,882,伊203,い203,潜水艦,Sentaka Type #3,SS,I-203,伊203
882,482,1,887,伊203改,い203,潜水艦,Sentaka Type #3,SS,I-203 Kai,伊203改
885,485,0,885,Victorious,ヴィクトリアス,装甲空母,Illustrious #3,CVB,Victorious,勝利
885,485,1,713,Victorious改,ヴィクトリアス,装甲空母,Illustrious #3,CVB,Victorious Kai,勝利改
886,486,0,886,早潮,はやしお,駆逐艦,Kagerou #5,DD,Hayashio,早潮
886,486,1,720,早潮改,はやしお,駆逐艦,Kagerou #5,DD,Hayashio Kai,早潮改
886,486,2,915,早潮改二,はやしお,駆逐艦,Kagerou #5,DD,Hayashio Kai Ni,早潮改二
891,491,0,891,Salmon,サーモン,潜水艦,Salmon #1,SS,Salmon,鮭魚
891,491,1,897,Salmon改,サーモン,潜水艦,Salmon #1,SS,Salmon Kai,鮭魚改
892,492,0,892,Drum,ドラム,潜水艦,Gato #17,SS,Drum,鼓魚
892,492,1,732,Drum改,ドラム,潜水艦,Gato #17,SS,Drum Kai,鼓魚改
299,493,0,299,Scamp,スキャンプ,潜水艦,Gato #66,SS,Scamp,斯坎普
299,493,1,715,Scamp改,スキャンプ,潜水艦,Gato #66,SS,Scamp Kai,斯坎普改
895,495,0,895,昭南,しょうなん,海防艦,Hiburi #3,DE,Shounan,昭南
895,495,1,714,昭南改,しょうなん,海防艦,Hiburi #3,DE,Shounan Kai,昭南改
896,497,0,896,Brooklyn,ブルックリン,軽巡洋艦,Brooklyn #1,CL,Brooklyn,布魯克林
896,497,1,722,Brooklyn改,ブルックリン,軽巡洋艦,Brooklyn #1,CL,Brooklyn Kai,布魯克林改
898,498,0,898,第二十二号海防艦,だいにじゅうにごう,海防艦,Type D Kaiboukan #11,DE,Kaiboukan No.22,第二十二號海防艦
898,498,1,728,第二十二号海防艦改,だいにじゅうにごう,海防艦,Type D Kaiboukan #11,DE,Kaiboukan No.22 Kai,第二十二號海防艦改
900,500,0,900,山汐丸,やましおまる,補給艦,Special 2TL Type #2,AO,Yamashio Maru,山汐丸
900,500,1,717,山汐丸改,やましおまる,補給艦,Special 2TL Type #2,AO,Yamashio Maru Kai,山汐丸改
901,501,0,901,Javelin,ジャヴェリン,駆逐艦,J #6,DD,Javelin,標槍
901,501,1,906,Javelin改,ジャヴェリン,駆逐艦,J #6,DD,Javelin Kai,標槍改
904,504,0,904,能美,のうみ,海防艦,Mikura #4,DE,Noumi,能美
904,504,1,909,能美改,のうみ,海防艦,Mikura #4,DE,Noumi Kai,能美改
905,505,0,905,倉橋,くらはし,海防艦,Mikura #5,DE,Kurahashi,倉橋
905,505,1,910,倉橋改,くらはし,海防艦,Mikura #5,DE,Kurahashi Kai,倉橋改
913,513,0,913,Maryland,メリーランド,戦艦,Colorado #2,BB,Maryland,馬里蘭
913,513,1,918,Maryland改,メリーランド,戦艦,Colorado #2,BB,Maryland Kai,馬里蘭改
921,521,0,921,鵜来,うくる,海防艦,Ukuru #1,DE,Ukuru,鵜來
921,521,1,926,鵜来改,うくる,海防艦,Ukuru #1,DE,Ukuru Kai,鵜來改
922,522,0,922,稲木,いなぎ,海防艦,Ukuru #12,DE,Inagi,稻木
922,522,1,730,稲木改,いなぎ,海防艦,Ukuru #12,DE,Inagi Kai,稻木改
922,522,2,979,稲木改二,いなぎ,海防艦,Ukuru #12,DE,Inagi Kai Ni,稻木改二
923,523,0,923,Tuscaloosa,タスカルーサ,重巡洋艦,New Orleans #4,CA,Tuscaloosa,塔斯卡盧薩
923,523,1,928,Tuscaloosa改,タスカルーサ,重巡洋艦,New Orleans #4,CA,Tuscaloosa Kai,塔斯卡盧薩改
924,524,0,924,Nevada,ネヴァダ,戦艦,Nevada #1,BB,Nevada,內華達
924,524,1,929,Nevada改,ネヴァダ,戦艦,Nevada #1,BB,Nevada Kai,內華達改
924,524,2,936,Nevada改 Mod.2,ネヴァダ,戦艦,Nevada #1,BB,Nevada Kai Mod.2,內華達改 Mod.2
925,525,0,925,Langley,ラングレー,軽空母,Independence #6,CVL,Langley,蘭利
925,525,1,930,Langley改,ラングレー,軽空母,Independence #6,CVL,Langley Kai,蘭利改
927,527,0,927,Valiant,ヴァリアント,戦艦,Queen Elizabeth #3,BB,Valiant,英勇
927,527,1,733,Valiant改,ヴァリアント,戦艦,Queen Elizabeth #3,BB,Valiant Kai,英勇改
931,531,0,931,Ranger,レンジャー,正規空母,Ranger #1,CV,Ranger,遊騎兵
931,531,1,723,Ranger改,レンジャー,正規空母,Ranger #1,CV,Ranger Kai,遊騎兵改
932,532,0,932,Indiana,インディアナ,戦艦,South Dakota #2,FBB,Indiana,印第安納
932,532,1,937,Indiana改,インディアナ,戦艦,South Dakota #2,FBB,Indiana Kai,印第安納改
933,533,0,933,Massachusetts,マサチューセッツ,戦艦,South Dakota #3,FBB,Massachusetts,麻薩諸塞
933,533,1,938,Massachusetts改,マサチューセッツ,戦艦,South Dakota #3,FBB,Massachusetts Kai,麻薩諸塞改
934,534,0,934,C.Cappellini,コマンダンテ・カッペリーニ,潜水艦,Marcello #10,SS,C.Cappellini,卡佩里尼
934,534,1,731,C.Cappellini改,コマンダンテ・カッペリーニ,潜水艦,Marcello #10,SS,C.Cappellini Kai,卡佩里尼改
934,534,2,939,UIT-24,コマンダンテ・カッペリーニ,潜水艦,Marcello #10,SS,UIT-24,UIT-24
934,534,3,940,伊503,コマンダンテ・カッペリーニ,潜水艦,Marcello #10,SS,I-503,伊503
935,535,0,935,Jean Bart,ジャン・バール,戦艦,Richelieu #2,FBB,Jean Bart,讓·巴爾
935,535,1,724,Jean Bart改,ジャン・バール,戦艦,Richelieu #2,FBB,Jean Bart Kai,讓·巴爾改
941,541,0,941,Heywood L.E.,ヘイウッド,駆逐艦,Fletcher #134,DD,Heywood L. Edwards,海伍德·L·E
941,541,1,726,Heywood L.E.改,ヘイウッド,駆逐艦,Fletcher #134,DD,Heywood L. Edwards Kai,海伍德·L·E改
942,542,0,942,Richard P.Leary,リチャード・P・リアリー,駆逐艦,Fletcher #135,DD,Richard P. Leary,理查·P·利里
942,542,1,737,Richard P.Leary改,リチャード・P・リアリー,駆逐艦,Fletcher #135,DD,Richard P. Leary Kai,理查·P·利里改
943,543,0,943,熊野丸,くまのまる,揚陸艦,Special Purpose Ship M Type C #1,LHA,Kumano Maru,熊野丸
943,543,1,948,熊野丸改,くまのまる,揚陸艦,Special Purpose Ship M Type C #1,LHA,Kumano Maru Kai,熊野丸改
944,544,0,944,平安丸,へいあんまる,潜水母艦,Kai Hikawa Maru #3,AS,Heian Maru,平安丸
944,544,1,949,平安丸改,へいあんまる,潜水母艦,Kai Hikawa Maru #3,AS,Heian Maru Kai,平安丸改
945,545,0,945,第百一号輸送艦,だいひゃくいちごう,揚陸艦,2nd Class Transporter #1,LHA,No.101 Transport Ship,第百一號輸送艦
945,545,1,727,第百一号輸送艦改,だいひゃくいちごう,揚陸艦,2nd Class Transporter #1,LHA,No.101 Transport Ship Kai,第百一號輸送艦改
952,552,0,952,Phoenix,フェニックス,軽巡洋艦,Brooklyn #5,CL,Phoenix,鳳凰城
952,552,1,734,Phoenix改,フェニックス,軽巡洋艦,Brooklyn #5,CL,Phoenix Kai,鳳凰城改
952,552,2,957,General Belgrano,フェニックス,軽巡洋艦,Brooklyn #5,CL,General Belgrano,貝爾格蘭諾將軍號
953,553,0,953,朝日,あさひ,練習巡洋艦,Kai Shikishima #2,CT,Asahi,朝日
953,553,1,958,朝日改,あさひ,工作艦,Kai Shikishima #2,AR,Asahi Kai,朝日改
962,562,0,962,Mogador,モガドール,駆逐艦,Mogador #1,DD,Mogador,莫加多爾
962,562,1,967,Mogador改,モガドール,駆逐艦,Mogador #1,DD,Mogador Kai,莫加多爾改
964,564,0,964,白雲,しらくも,駆逐艦,Fubuki #8,DD,Shirakumo,白雲
964,564,1,729,白雲改,しらくも,駆逐艦,Fubuki #8,DD,Shirakumo Kai,白雲改
965,565,0,965,Gloire,グロワール,軽巡洋艦,La Galissonnière #5,CL,Gloire,葛羅瓦
965,565,1,970,Gloire改,グロワール,軽巡洋艦,La Galissonnière #5,CL,Gloire Kai,葛羅瓦改
966,566,0,966,Lexington,レキシントン,正規空母,Lexington #1,CV,Lexington,列星頓
966,566,1,735,Lexington改,レキシントン,正規空母,Lexington #1,CV,Lexington Kai,列星頓改
971,571,0,971,伊36,い36,潜水空母,Junsen Type B #17,SSV,I-36,伊36
971,571,1,976,伊36改,い36,潜水空母,Junsen Type B #17,SSV,I-36 Kai,伊36改
972,572,0,972,伊41,い41,潜水空母,Junsen Type B Kai Ichi #2,SSV,I-41,伊41
972,572,1,977,伊41改,い41,潜水空母,Junsen Type B Kai Ichi #2,SSV,I-41 Kai,伊41改
973,573,0,973,Thonburi,トンブリ,海防艦,Thonburi #1,DE,Thonburi,吞武里
973,573,1,978,Thonburi改,トンブリ,海防艦,Thonburi #1,DE,Thonburi Kai,吞武里改
984,584,0,984,Wahoo,ワフー,潜水艦,Gato #27,SS,Wahoo,刺鮁
984,584,1,989,Wahoo改,ワフー,潜水艦,Gato #27,SS,Wahoo Kai,刺鮁改
985,585,0,985,Dace,デイス,潜水艦,Gato #36,SS,Dace,鰷魚
985,585,1,990,Dace改,デイス,潜水艦,Gato #36,SS,Dace Kai,鰷魚改
985,585,2,1007,Leonardo da Vinci,デイス,潜水艦,Gato #36,SS,Leonardo da Vinci,Leonardo da Vinci
988,588,0,988,南海,のさき,補給艦,Nosaki #1,AO,Nankai,南海
988,588,1,996,野埼,のさき,補給艦,Nosaki #1,AO,Nosaki,野埼
988,588,2,1002,野埼改,のさき,補給艦,Nosaki #1,AO,Nosaki Kai,野埼改
991,591,0,991,Reno,リノ,軽巡洋艦,Atlanta #6,CL,Reno,里諾
991,591,1,747,Reno改,リノ,軽巡洋艦,Atlanta #6,CL,Reno Kai,里諾改
992,592,0,992,杉,すぎ,駆逐艦,Matsu #7,DD,Sugi,杉
992,592,1,997,杉改,すぎ,駆逐艦,Matsu #7,DD,Sugi Kai,杉改
993,593,0,993,樫,かし,駆逐艦,Matsu #10,DD,Kashi,樫
993,593,1,742,樫改,かし,駆逐艦,Matsu #10,DD,Kashi Kai,樫改
994,594,0,994,榧,かや,駆逐艦,Matsu #11,DD,Kaya,榧
994,594,1,736,榧改,かや,駆逐艦,Matsu #11,DD,Kaya Kai,榧改
995,595,0,995,大泊,おおとまり,補給艦,Ootomari #1,AO,Ootomari,大泊
995,595,1,1000,大泊改,おおとまり,補給艦,Ootomari #1,AO,Ootomari Kai,大泊改
998,598,0,998,Norge,ノルゲ,海防艦,Norge #1,DE,Norge,挪威
998,598,1,738,Norge改,ノルゲ,海防艦,Norge #1,DE,Norge Kai,挪威改
999,599,0,999,Eidsvold,アイツヴォル,海防艦,Norge #2,DE,Eidsvold,艾茲沃爾
999,599,1,739,Eidsvold改,アイツヴォル,海防艦,Norge #2,DE,Eidsvold Kai,艾茲沃爾改
1001,601,0,1001,Киров,キーロフ,軽巡洋艦,Kirov #1,CL,Kirov,基洛夫
1001,601,1,1006,Киров改,キーロフ,軽巡洋艦,Kirov #1,CL,Kirov Kai,基洛夫改
1003,603,0,1003,しまね丸,しまねまる,補給艦,Special 1TL Type #1,AO,Shimane Maru,島根丸
1003,603,1,1008,しまね丸改,しまねまる,補給艦,Special 1TL Type #1,AO,Shimane Maru Kai,島根丸改
1005,605,0,1005,Minneapolis,ミネアポリス,重巡洋艦,New Orleans #3,CA,Minneapolis,明尼亞波利斯
1005,605,1,1010,Minneapolis改,ミネアポリス,重巡洋艦,New Orleans #3,CA,Minneapolis Kai,明尼亞波利斯改
1022,612,0,1022,Glorious,グローリアス,戦艦,Courageous #2,FBB,Glorious,光榮
1022,612,1,1027,Glorious,グローリアス,正規空母,Glorious #1,CV,Glorious (CV),Glorious
1022,612,2,741,Glorious改,グローリアス,正規空母,Glorious #1,CV,Glorious Kai (CV),光榮改
1022,612,3,740,Glorious改,グローリアス,戦艦,Courageous #2,FBB,Glorious Kai (BC),光榮改
1023,613,0,1023,Independence,インディペンデンス,軽空母,Independence #1,CVL,Independence,獨立
1023,613,1,1028,Independence改,インディペンデンス,軽空母,Independence #1,CVL,Independence Kai,獨立改
1023,613,2,1036,Independence Flight II,インディペンデンス,軽空母,Independence #1,CVL,Independence Flight II,獨立 Flight II
1025,615,0,1025,Wasp,ワスプ,正規空母,Essex #6,CV,Wasp,胡蜂
1025,615,1,1030,Wasp改,ワスプ,正規空母,Essex #6,CV,Wasp Kai,胡蜂改
1041,631,0,1041,花月,はなづき,駆逐艦,Akizuki #13,DD,Hanazuki,花月
1041,631,1,1046,花月改,はなづき,駆逐艦,Akizuki #13,DD,Hanazuki Kai,花月改
1044,634,0,1044,桐,きり,駆逐艦,Matsu #6,DD,Kiri,桐
1044,634,1,746,桐改,きり,駆逐艦,Matsu #6,DD,Kiri Kai,桐改
1051,641,0,1051,Algérie,アルジェリー,重巡洋艦,Algérie #1,CA,Algérie,阿爾及利亞
1051,641,1,1056,Algérie改,アルジェリー,重巡洋艦,Algérie #1,CA,Algérie Kai,阿爾及利亞改
1053,643,0,1053,Vautour,ヴァトール,駆逐艦,Aigle #3,DD,Vautour,禿鷲
1053,643,1,1058,Vautour改,ヴァトール,駆逐艦,Aigle #3,DD,Vautour Kai,禿鷲改
1055,645,0,1055,Béarn,ベアルン,正規空母,Béarn #1,CV,Béarn,貝亞恩
1055,645,1,1060,Béarn改,ベアルン,正規空母,Béarn #1,CV,Béarn Kai,貝亞恩改
1055,645,2,1061,Béarn amélioration,ベアルン,正規空母,Béarn #1,CV,Béarn Amélioration,貝亞恩 amélioration
1062,652,0,1062,Visby,ヴィスビィ,駆逐艦,Visby #1,DD,Visby,維斯比
1062,652,1,1067,Visby改,ヴィスビィ,駆逐艦,Visby #1,DD,Visby Kai,維斯比改
1065,655,0,1065,日枝丸,ひえまる,潜水母艦,Kai Hikawa Maru #2,AS,Hie Maru,日枝丸
1065,655,1,1070,日枝丸改,ひえまる,潜水母艦,Kai Hikawa Maru #2,AS,Hie Maru Kai,日枝丸改
